PM2.5,HR,NO2,YEAR,WD,MONTH,CO,SEASON,O3,TEMP,PM10,prediction_label
29.606667,39.327084,11.875417,2017.0,202.81209,1,2.92,3.0,11.965,18.410418,106.427086,92.05581147444099
28.492083,34.017918,12.965,2017.0,185.46124,1,2.6116667,3.0,11.697917,18.950834,98.15459,91.58403973891069
33.48,47.36,11.252084,2017.0,145.08458,1,2.4808333,3.0,11.355,14.825,60.367916,84.15036436527896
37.155262,42.98158,9.766315,2017.0,203.20631,2,2.0328572,3.0,14.58875,18.026842,105.96875,93.47656898019845
17.543913,38.0525,24.5025,2017.0,258.78082,2,0.49875,3.0,13.270416,19.50125,64.05044,60.29863332815263
30.00875,29.67375,27.509583,2017.0,190.61917,2,0.8775,3.0,13.869166,19.842916,96.793335,99.46369342651866
16.544348,52.775833,16.74,2017.0,63.68458,3,1.0645833,0.0,10.77875,18.597918,44.81375,41.60012034095898
15.615833,54.867085,20.0425,2017.0,126.90708,3,0.5058333,0.0,11.744166,17.631666,34.273335,39.81390353184998
22.319166,43.352085,22.887083,2017.0,248.66333,3,0.8095833,0.0,15.305417,23.545,69.53375,57.78171581693722
21.804167,24.24875,25.090416,2017.0,183.08083,3,0.8754167,0.0,15.75875,22.5775,73.8175,70.78408096275017
14.226666,23.737083,21.849583,2017.0,257.1821,4,0.7604167,0.0,14.297083,22.360416,54.705833,52.14276798460895
28.807917,35.345417,21.82875,2017.0,156.92041,4,1.0158334,0.0,16.28,23.522083,73.39792,78.40250405314887
24.367916,40.805416,14.745,2017.0,140.8025,4,0.63875,0.0,16.232084,23.23,53.775,58.27788592737318
24.200834,30.860416,19.222084,2017.0,134.24458,4,0.80333334,0.0,18.537916,25.135834,63.8275,63.36792931929688
21.542917,29.44125,19.565,2017.0,237.63333,4,0.83,0.0,18.509167,23.61375,72.348335,61.54625037091365
15.52875,16.083334,21.909166,2017.0,257.6196,4,0.8958333,0.0,20.744167,22.962917,57.475418,55.81165283844008
32.07625,16.657917,21.0375,2017.0,248.04,4,1.0379167,0.0,17.415833,24.319584,74.02125,85.06748121017259
32.84778,45.802082,15.907917,2017.0,120.660835,5,0.8041667,0.0,15.225833,22.764166,50.708332,65.051202074969
33.958332,32.359165,21.293333,2017.0,239.87584,5,1.0116667,0.0,17.280416,25.45,79.55666,81.83831359865499
38.620834,39.660416,18.497084,2017.0,165.52583,5,0.95666665,0.0,18.148333,26.019167,76.64478,77.73920848661965
32.95375,39.55958,14.623333,2017.0,214.3075,5,0.8408333,0.0,17.771667,25.262083,67.40625,72.42889147558029
40.621666,30.662083,17.837917,2017.0,255.38417,5,1.0641667,0.0,18.345417,27.389584,84.86542,87.7609660644481
41.8525,26.940416,18.818182,2017.0,254.89125,5,1.0259091,0.0,19.120869,27.854584,88.2625,90.33061848776481
37.319168,34.855835,19.0925,2017.0,187.50041,5,0.93916667,0.0,17.624166,28.274584,77.845,84.02391152799521
23.998182,55.735,16.202917,2017.0,172.46709,5,0.985,0.0,14.53375,23.359167,52.71417,46.25626846356864
24.143478,56.101665,17.128334,2017.0,169.54791,6,0.8908333,1.0,26.589582,25.053333,49.33375,51.797641259988175
18.786667,39.974583,11.617084,2017.0,73.25708,6,0.84041667,1.0,29.07875,25.117083,39.726955,41.514045353714216
15.55875,51.46125,11.225,2017.0,67.371666,6,0.85,1.0,14.97125,24.95875,33.4025,26.866853436709324
16.48826,38.01375,10.860416,2017.0,75.77541,6,1.1583333,1.0,18.832083,25.364584,42.71,37.996627227270515
17.3,36.255833,12.554584,2017.0,94.43625,6,0.76166666,1.0,19.864166,25.3825,44.961666,40.06203909574452
22.207916,46.05875,14.737083,2017.0,230.42625,6,0.8408333,1.0,25.862083,26.44875,54.595417,52.203832380469315
20.787083,51.13875,11.658334,2017.0,107.39375,6,0.6816667,1.0,23.50125,24.310833,45.115,39.73334632873884
18.727392,72.254585,14.427917,2017.0,96.111664,7,0.7758333,1.0,16.573334,20.125,34.062084,32.30082187875668
14.6435,55.420418,11.043333,2017.0,66.72,7,0.7125,1.0,19.393333,22.69375,29.885416,30.768667738802257
16.117369,70.74625,15.720834,2017.0,113.96167,7,0.80541664,1.0,22.49875,21.032084,32.345833,34.56402259006172
13.670417,51.879166,22.852083,2017.0,202.40416,10,1.10625,2.0,20.775833,17.055416,42.982918,46.21777864252096
18.583334,58.81167,19.59625,2017.0,264.8971,10,1.2354167,2.0,17.27875,20.258333,50.6675,44.46913510912019
14.5633335,59.462082,18.00875,2017.0,239.18541,10,1.1333333,2.0,17.073334,21.43125,41.782917,41.69225994003543
27.335833,41.315834,18.421667,2017.0,120.9275,11,1.3983333,2.0,24.472918,18.219166,55.415833,63.1086201821353
24.310833,47.52833,14.9675,2017.0,236.14667,12,0.52416664,3.0,4.71625,17.126667,73.44334,67.91489234841535
11.1875,25.054583,6.701667,2017.0,68.19334,12,0.23708333,3.0,8.327084,13.335417,34.60375,37.29976291560829
32.25913,58.912918,8.784166,2017.0,204.82167,12,0.43541667,3.0,7.6658335,17.53625,60.328335,67.53978281108441
52.05958,47.135,16.46,2017.0,193.75041,12,0.6220833,3.0,12.825,18.86375,109.85667,103.01605029932963
29.060833,37.893333,14.2575,2017.0,114.565,12,0.37791666,3.0,11.597917,18.43875,64.57792,75.72105910417032
29.213182,49.521667,8.3325,2017.0,131.715,12,0.44166666,3.0,10.4475,17.233334,66.2075,63.52402708594153
32.046665,56.64375,10.740417,2018.0,128.34917,1,0.34083334,3.0,14.7195835,15.485,62.940834,61.77089417279586
35.756668,42.28042,10.8475,2018.0,165.23209,1,0.47541666,3.0,14.55375,17.374166,63.914585,75.9261773792382
45.867916,34.444584,11.705,2018.0,194.44,1,0.48916668,3.0,17.434584,17.052917,97.425,89.7711614572684
33.11435,44.99708,22.186666,2018.0,245.45334,1,0.81375,3.0,10.429131,17.942083,83.28833,79.24027590484465
29.325,39.645832,13.395416,2018.0,83.75708,1,0.26041666,3.0,5.7820835,15.660417,78.63084,77.77822808435874
29.01,34.980415,9.230833,2018.0,83.54583,1,0.31727272,3.0,4.81375,14.495417,61.65708,74.32915416055555
26.276957,50.7175,10.0320835,2018.0,85.31375,1,0.32583332,3.0,5.6266665,14.737083,49.315,60.46364562834481
19.755833,50.0875,11.505834,2018.0,153.63667,1,0.325,3.0,3.15375,17.785418,47.147274,44.812364169368166
21.211666,40.77125,8.018333,2018.0,65.74167,1,0.31208333,3.0,6.7591667,11.245417,34.625,53.41108952739644
28.275833,51.2325,7.7320833,2018.0,121.48917,2,0.27708334,3.0,5.8791666,18.7125,50.45125,50.235867980893175
49.907917,47.094166,11.9366665,2018.0,191.135,2,0.69166666,3.0,9.213333,19.305416,78.19334,82.63924556026572
37.637085,41.040833,10.917916,2018.0,188.59,2,0.32291666,3.0,10.014584,20.282917,66.949585,63.42583487252158
33.423183,51.823334,8.531667,2018.0,155.72833,2,0.34916666,3.0,9.350833,21.65375,48.70625,52.1676235931016
27.91125,41.24875,12.9366665,2018.0,247.42625,3,0.23791666,0.0,9.97625,22.429583,55.06,47.550230717166926
22.91125,26.43375,11.217083,2018.0,227.51625,3,0.28708333,0.0,7.44,22.395,46.900833,47.911733880544794
22.765417,27.4375,8.814584,2018.0,251.70708,3,0.26333332,0.0,6.9470835,22.34125,42.395832,46.61755848831874
32.987274,40.74375,8.643333,2018.0,143.58917,3,0.45208332,0.0,8.861667,22.975416,62.280952,55.92754333737137
26.509167,44.78125,7.06875,2018.0,131.42,3,0.21958333,0.0,9.389167,22.585,44.571667,47.862729468705126
21.616522,39.064583,6.8133335,2018.0,122.169586,3,0.28375,0.0,9.448334,22.81875,34.424168,47.14760955550168
27.134583,35.34083,9.898334,2018.0,251.10709,3,0.195,0.0,10.3825,22.322916,43.899166,49.70673019321333
28.46,28.668333,9.868333,2018.0,162.72667,4,0.26875,0.0,12.753333,23.205,42.94625,60.46345444402151
18.277916,23.10875,8.875417,2018.0,250.84209,4,0.21541667,0.0,6.3245835,22.859583,39.074585,41.1689642426858
25.700417,26.22875,7.909167,2018.0,252.95042,4,0.13125,0.0,13.115833,23.0125,45.31125,52.67892117395782
22.711334,60.994583,6.855417,2018.0,109.25083,4,0.275,0.0,7.7825,20.090834,30.486666,33.27301593456944
40.578335,37.227917,14.16375,2018.0,137.43584,4,0.47541666,0.0,9.9,21.5225,71.3075,75.57724360127291
24.43913,32.194584,10.49375,2018.0,198.97458,4,0.26291665,0.0,8.652083,23.78625,54.684166,49.899000196698395
21.905,31.292084,14.25875,2018.0,243.28917,4,0.36375,0.0,6.8083334,24.759583,48.045834,46.102796223863294
30.878334,31.236666,9.315,2018.0,229.64708,4,0.28833333,0.0,10.35875,23.982084,51.275833,55.41739076578047
31.959583,43.42125,7.81875,2018.0,177.43709,5,0.24333334,0.0,8.86625,22.9625,54.316666,48.87557408859878
14.818571,50.38625,6.0816665,2018.0,61.19208,5,0.37333333,0.0,6.261667,22.232084,19.485834,24.629748767214213
38.558636,39.29125,10.980833,2018.0,225.1975,5,0.36833334,0.0,9.52875,26.4725,56.79875,53.87562879130034
45.403183,41.116665,9.17625,2018.0,169.69376,5,1.0695455,0.0,13.850833,25.929583,62.877274,60.823583487941775
38.90619,39.950832,8.602917,2018.0,163.73083,5,0.21958333,0.0,15.7575,25.995417,50.3125,54.6009929568517
43.2905,44.235,10.533334,2018.0,155.46959,5,0.21291667,0.0,18.247917,26.231667,58.843334,54.32001503329682
30.45375,45.595417,11.310833,2018.0,127.11125,5,0.1875,0.0,15.244166,26.198334,42.358334,43.79302068049897
23.438236,34.3925,10.272917,2018.0,124.635414,6,0.14416666,1.0,14.152083,25.845417,34.31,38.84372139389828
21.596111,67.49333,10.505417,2018.0,178.12584,6,0.33333334,1.0,6.7708335,22.603333,31.83875,27.622838171707635
7.735,80.77541,10.2975,2018.0,188.16708,6,0.33541667,1.0,6.0620832,19.117916,10.564584,14.450435132654466
10.04625,66.25833,6.662083,2018.0,247.27458,6,0.086842105,1.0,11.362917,21.174166,15.385,16.06267709047914
17.06125,64.09458,12.439584,2018.0,152.01292,6,0.17727272,1.0,6.0779166,20.219166,24.702084,25.486984136531465
18.99,72.60083,8.135417,2018.0,207.73083,6,0.26666668,1.0,5.6545835,20.002916,26.216667,23.59237155382531
19.689167,65.97459,6.9314284,2018.0,165.8525,6,0.1725,1.0,7.9625,21.5175,24.624584,26.224310016513616
26.334091,59.03125,7.6725,2018.0,189.83917,7,0.12666667,1.0,13.047083,22.565,39.022083,36.89248519551234
14.954118,54.4525,5.75375,2018.0,70.505,7,0.35125,1.0,8.397083,22.48875,23.273636,29.022883744668846
24.66739,60.373333,8.512083,2018.0,129.90541,7,0.15541667,1.0,6.0,22.208334,39.24053,33.06576886904011
16.894772,37.699585,6.8175,2018.0,101.097916,8,0.29545453,1.0,12.739758,19.947916,31.395416,44.435617326354965
21.672318,46.22,5.3645835,2018.0,104.03208,8,0.3075,1.0,6.079593,19.172083,31.49875,42.96733397444057
15.185416,70.215416,6.189565,2018.0,146.87666,8,0.18291667,1.0,6.008486,20.534166,17.264166,23.878843344066755
19.92625,70.20458,2.9266667,2018.0,162.97041,8,0.20041667,1.0,7.019583,20.164167,27.955833,28.932162120184323
30.624117,62.920834,14.743044,2018.0,136.34917,8,0.22208333,1.0,9.404583,22.667917,38.69375,47.756506508141314
12.157272,59.164165,8.00375,2018.0,78.331665,8,0.28,1.0,5.4725,22.39875,19.972084,31.151094303246133
18.07,61.365,8.536364,2018.0,134.105,8,0.12227273,1.0,5.6022725,21.281818,32.54273,24.9697300257134
18.128824,66.667915,9.41875,2018.0,154.50125,8,0.21583334,1.0,5.8370833,21.461666,23.592916,28.129677818926915
15.813077,76.28208,7.2404165,2018.0,133.65292,9,0.20666666,2.0,6.3,20.574583,18.9175,21.545493766692868
24.324667,59.450832,8.750417,2018.0,108.88625,9,0.12708333,2.0,7.1916666,23.567083,33.235,29.425313430293098
12.848,59.9125,6.9304166,2018.0,63.29875,9,0.3225,2.0,5.8308334,21.5325,19.500416,21.45466728136905
12.06,59.56333,5.690417,2018.0,85.175,9,0.10333333,2.0,6.0945835,21.469166,14.4366665,18.876331092177587
12.917916,62.02625,7.7233334,2018.0,244.995,10,0.19541667,2.0,5.5779166,21.484583,24.143333,24.595316247047464
29.151667,62.38125,12.180417,2018.0,185.66083,10,0.21208334,2.0,7.3845835,23.020416,43.98375,43.56823007780541
20.18,72.56958,8.2225,2018.0,98.99084,10,0.16291666,2.0,4.3445835,20.717916,24.603333,25.12628972196431
7.285294,64.065,5.97375,2018.0,66.91708,10,0.093333334,2.0,3.557143,20.414167,10.900869,12.980915127615734
29.802084,55.21417,17.999166,2018.0,160.40541,11,0.37375,2.0,12.14,21.649584,59.262085,62.563744848208586
21.755417,52.892082,15.6545,2018.0,163.88374,11,0.505,2.0,8.509474,15.879167,45.606667,54.30887428473436
18.344584,49.334583,9.720417,2018.0,161.47833,11,0.38666666,2.0,9.899167,18.22,42.77833,43.69318375953423
33.90708,49.74917,14.215,2018.0,196.47084,11,0.53208333,2.0,17.244286,19.495832,72.15083,72.89720364056271
7.0084615,80.822914,6.3658333,2018.0,206.49542,11,0.15625,2.0,7.4354167,13.752084,9.988696,12.409594876692395
23.191668,57.93125,12.740833,2018.0,162.82,12,0.38041666,3.0,9.956667,19.29625,45.017082,48.33042025361301
24.669167,60.930832,9.535417,2018.0,126.60833,12,0.25333333,3.0,10.919167,15.412917,46.772915,45.81239127152394
30.13625,58.4,13.1825,2018.0,183.94,12,0.40791667,3.0,12.786667,16.8925,56.49708,62.72822077674776
10.629583,58.700832,5.56625,2018.0,236.97166,12,0.23916666,3.0,7.1554165,17.761667,35.640415,29.561003376433206
21.320833,54.115417,7.1866665,2018.0,240.17458,12,0.25041667,3.0,7.85125,16.475,49.406666,47.64308089214492
26.217392,46.566666,12.463333,2019.0,120.730415,1,0.49783334,3.0,18.77375,20.420834,51.416668,53.926977370614814
11.571428,51.048332,8.554783,2019.0,141.495,1,0.41308334,3.0,18.435,19.21875,35.625,35.2993527331956
23.125,40.161667,12.34,2019.0,193.83125,1,0.55541664,3.0,20.137,18.09,59.958332,53.16259705916301
14.043478,43.305,7.088333,2019.0,203.1625,1,0.424875,3.0,13.063637,18.972084,51.125,43.40058959036704
3.1,32.437916,7.614091,2019.0,195.73875,1,0.34691668,3.0,18.270416,16.18,23.416666,44.27883397718617
21.272728,47.469166,10.648334,2019.0,227.91583,2,0.60433334,3.0,12.062273,19.60375,52.458332,42.45534411185501
22.583334,39.974583,9.022917,2019.0,226.28958,2,0.5224583,3.0,21.08842,22.817083,47.416668,51.220202985405855
15.0,30.305834,5.202083,2019.0,196.98958,2,0.41270834,3.0,12.247392,20.928333,44.958332,44.076713147117054
11.458333,32.853333,2.5083334,2019.0,240.01875,2,0.50854164,3.0,7.7854166,20.097918,38.583332,37.352778846554735
20.458334,30.294584,11.300417,2019.0,209.22375,2,0.4825,3.0,18.310455,23.51625,47.916668,50.62730684104582
29.125,36.74708,6.6175,2019.0,160.30458,3,0.43941668,0.0,21.055834,23.860416,54.0,58.45243050196534
27.291666,62.58,8.690416,2019.0,193.55959,7,0.5545,1.0,20.475,22.468334,39.541668,41.28757107621611
20.625,50.050415,3.1758332,2019.0,109.4175,7,0.5191111,1.0,28.064583,23.6375,71.041664,34.320689342148704
21.636364,51.678696,7.8933334,2019.0,161.33826,7,0.35378572,1.0,30.943913,23.525217,28.73913,41.19789111725113
21.041666,55.906666,3.86875,2019.0,137.04916,7,0.366875,1.0,25.289583,23.127916,50.25,34.030360382120136
21.0,71.61667,2.5508332,2019.0,207.90834,7,0.40154168,1.0,28.285,21.41,22.75,24.65931618246039
26.043478,70.46625,3.1004167,2019.0,182.32124,7,0.39179167,1.0,32.390415,21.694584,34.0,31.513921923264217
19.583334,70.2525,3.2954166,2019.0,206.43916,7,0.44991666,1.0,24.63625,20.47625,22.083334,27.777450632743133
20.125,66.86417,3.3333333,2019.0,175.64626,7,0.42079166,1.0,28.277916,21.414167,22.625,27.704787833944287
17.5,68.322914,4.60125,2019.0,170.3825,7,0.45825,1.0,17.935,20.93125,23.333334,26.33121395924977
23.958334,46.60875,4.71625,2019.0,97.61208,8,0.5821667,1.0,24.350834,23.411667,34.875,41.799543208165055
16.5,45.892918,6.195833,2019.0,122.96625,8,0.55291665,1.0,21.762917,23.947916,28.083334,35.2022325481807
19.826086,63.680832,5.1004167,2019.0,182.85625,8,0.58525,1.0,20.351667,22.2425,27.208334,29.10772374318058
19.583334,67.13917,3.0883334,2019.0,224.61417,8,0.48520833,1.0,22.867083,22.55625,26.458334,25.913880996116294
24.695652,61.19125,4.96625,2019.0,154.93,8,0.497875,1.0,6.75,23.067083,31.666666,30.43182062051259
13.0,69.589165,4.2083335,2019.0,214.05,8,0.51308334,1.0,23.30125,21.44875,16.791666,21.016629360907604
17.166666,65.22083,4.670833,2019.0,149.58624,8,0.35879168,1.0,36.37875,21.826666,23.25,26.54666095886652
23.625,65.888336,5.8195834,2019.0,113.77875,8,0.42058334,1.0,24.693333,21.86,28.5,35.18389973120287
23.619047,72.57792,4.6916666,2019.0,141.13292,9,0.43979168,2.0,30.775833,21.198334,26.625,29.331037035145123
22.083334,60.410416,3.7216666,2019.0,138.43292,9,0.31429166,2.0,21.16875,21.854584,24.916666,33.69401110781724
11.333333,57.48125,2.6583333,2019.0,87.94458,9,0.28004166,2.0,17.596666,21.709583,11.541667,24.362520815836135
11.541667,53.38125,1.51125,2019.0,93.38375,9,0.22041667,2.0,28.902916,22.850834,14.0,21.9633913902658
14.772727,54.218334,2.8379166,2019.0,91.471664,9,0.29175,2.0,29.64125,22.875,18.916666,27.46521484385685
17.541666,60.289165,3.9529166,2019.0,124.058334,9,0.38383332,2.0,19.13375,22.7625,23.041666,27.6898837393531
14.416667,56.9,2.1083333,2019.0,94.4475,9,0.28733334,2.0,26.08875,23.0575,16.916666,24.02801602716576
15.454545,56.68292,2.48,2019.0,77.63458,9,0.26758334,2.0,18.915417,23.089582,19.083334,25.48462210240448
13.1,70.4225,1.0129167,2019.0,74.23417,9,0.22741666,2.0,16.3775,21.40375,14.125,21.454407470560604
12.583333,59.010834,3.4925,2019.0,118.14,10,0.36108333,2.0,19.374584,22.02625,17.75,24.76803370991139
11.541667,55.007915,2.5033333,2019.0,101.88458,10,0.308875,2.0,19.515833,22.4325,15.666667,20.49215787201998
13.333333,55.87375,4.022917,2019.0,111.27333,10,0.36054167,2.0,25.281666,22.320833,17.916666,27.26108309112122
12.916667,62.1425,3.3229167,2019.0,180.88708,10,0.362375,2.0,25.797916,20.78125,18.541666,24.91592038785118
17.375,57.87875,3.7745833,2019.0,88.86875,11,0.24954167,2.0,15.70625,19.814167,24.791666,34.16937932953283
23.608696,54.597084,3.6170833,2019.0,161.52583,11,0.549125,2.0,23.1575,21.055,29.833334,40.90517260463494
10.5,59.518333,4.6375,2019.0,60.513332,11,0.46008334,2.0,18.665,18.627083,15.75,19.31661092723352
36.833332,46.552082,8.864166,2019.0,182.30458,12,1.0778333,3.0,22.751305,19.928333,73.5,75.66432969010518
31.041666,43.324165,9.7325,2019.0,163.07042,12,0.7847083,3.0,28.950417,19.990833,66.166664,68.58925550680837
28.041666,41.72333,6.087917,2019.0,223.25375,12,1.0691667,3.0,13.3,18.860416,59.583332,62.659563825000376
22.916666,41.61375,6.8058333,2019.0,225.77208,12,0.92158335,3.0,16.873333,18.409584,49.875,55.37205181575266
18.545454,63.81375,4.3582606,2019.0,111.121666,12,0.56975,3.0,12.477083,14.523334,33.875,31.489188252707727
29.291666,48.645416,6.6925,2019.0,198.48625,12,0.912375,3.0,12.736667,18.031666,46.916668,62.54086982600545
17.083334,49.504166,3.9170833,2019.0,227.21042,12,0.465125,3.0,12.050834,19.549166,28.333334,35.40514953669081
68.68833,45.7475,10.99875,2020.0,172.35834,1,1.85,3.0,28.662083,20.033333,100.22041,112.11450545346645
35.396667,32.345,21.2975,2020.0,155.94208,1,2.4191666,3.0,34.206665,18.91625,65.502914,75.11556018609447
25.678183,47.04375,15.580833,2020.0,137.00458,1,1.7979167,3.0,34.33625,20.127916,38.857918,48.87967021838646
15.597917,50.902084,7.5433335,2020.0,68.80875,1,1.7175,3.0,49.56708,20.146667,29.522917,28.849202420794658
14.935833,48.913334,12.985833,2020.0,110.55708,1,1.89625,3.0,44.38125,20.631666,42.760418,30.65818484683408
23.30625,52.89375,17.9975,2020.0,165.21625,1,1.7791667,3.0,26.19875,17.174583,37.463333,43.59332883673354
17.330833,59.222084,17.282084,2020.0,205.45166,1,1.8854166,3.0,30.799166,16.254168,27.222918,30.011414711955585
13.6,46.61875,15.142917,2020.0,246.93292,1,1.7854167,3.0,26.917084,18.135834,27.14087,29.342851276647814
23.087727,31.460417,15.722083,2020.0,163.23584,1,1.7,3.0,34.126667,18.1175,40.5075,50.975974912736426
12.507916,73.660835,12.20625,2020.0,256.15457,2,1.7204167,3.0,15.553333,17.22125,17.055834,18.013389943008082
19.271818,38.6875,14.647083,2020.0,188.91792,2,1.7675,3.0,24.035418,20.982084,36.474167,46.15346812914014
20.094166,30.520834,16.674166,2020.0,145.0125,2,1.74875,3.0,25.704584,23.57875,45.049168,50.63686067555964
22.434092,31.947083,15.109167,2020.0,108.47041,2,1.5891666,3.0,40.979168,23.043333,70.36958,52.233791931461894
16.91875,50.737915,7.4991665,2020.0,72.83583,2,2.28375,3.0,45.877083,20.07,29.228333,34.25922077323865
29.3525,44.365,13.135,2020.0,141.44208,2,1.5445833,3.0,35.03208,19.90625,45.025417,59.417551536145886
24.077726,49.726665,13.2225,2020.0,143.77126,2,1.95625,3.0,34.743332,14.8475,31.975834,47.38649559843478
23.170416,43.41,15.242917,2020.0,246.91042,3,1.7904167,0.0,32.455418,22.705833,44.001667,46.69707163658558
17.087727,38.53875,14.15125,2020.0,249.79375,3,1.815,0.0,30.22375,22.6525,37.93375,37.98409748825214
19.18,32.428333,15.458333,2020.0,217.02,3,1.79375,0.0,28.864584,22.666666,45.0775,47.43426197715945
21.279167,37.076668,13.399583,2020.0,146.57,3,0.60583335,0.0,18.479,21.384583,50.562084,48.393717770229756
25.865833,45.238335,15.6995,2020.0,132.45125,3,0.78,0.0,32.225,22.72625,43.97375,49.54768762947644
20.050417,39.605415,5.13,2020.0,242.44917,3,0.48708335,0.0,34.601665,25.53,37.289165,37.95448793441862
28.8725,37.492916,8.714167,2020.0,239.72667,4,0.53791666,0.0,35.334167,25.012917,43.445,48.041521244978306
18.222084,27.82,7.3605556,2020.0,235.26875,4,0.49,0.0,34.657917,24.475,30.861364,37.30252635100162
19.9985,23.11375,7.20125,2020.0,206.40416,4,0.54583335,0.0,31.959583,25.218334,33.08,40.680172248288976
22.129168,23.618334,8.138696,2020.0,253.35126,4,0.58208334,0.0,33.843334,25.40375,36.557083,38.82641591824383
24.735,24.199583,5.653333,2020.0,247.09792,4,0.55541664,0.0,36.96875,25.68125,31.573334,43.86402066102412
20.865454,26.411667,2.8805,2020.0,231.97917,4,0.53375,0.0,31.646667,24.743334,34.72167,39.28370615062191
27.112917,27.64375,9.084583,2020.0,236.47542,4,0.735,0.0,40.798332,26.123333,44.398262,46.13875154621633
13.507391,45.470417,5.299524,2020.0,101.82917,4,0.78333336,0.0,49.16083,22.162083,31.911667,29.513645767086366
17.50625,46.549168,5.9704547,2020.0,118.739586,5,0.8641667,0.0,47.992085,23.36625,23.077917,29.017000147982458
27.16625,23.988333,11.401667,2020.0,243.52542,5,0.8254167,0.0,35.052917,24.934584,43.012085,40.48715759010845
38.04348,26.90625,12.004583,2020.0,210.44583,5,0.8545833,0.0,52.019165,27.177084,71.445,62.40363139074929
22.574167,25.916666,8.889584,2020.0,245.10667,5,0.75625,0.0,35.5325,26.97375,37.30579,36.63827737296248
29.559166,35.132084,9.2275,2020.0,133.885,5,0.9820833,0.0,52.794582,25.951666,49.16083,48.3103980023398
14.573182,45.604584,3.4219048,2020.0,86.66625,6,0.87,1.0,45.015835,24.412083,21.500834,26.65912082073582
10.346666,44.078335,3.7392857,2020.0,69.488335,6,0.79875,1.0,31.244167,25.647083,17.645416,16.09362172166394
11.703182,43.322918,3.6868422,2020.0,93.80167,6,0.96791667,1.0,32.421665,26.20625,18.505,21.533388758961888
16.646088,56.57625,9.314167,2020.0,221.75708,6,0.7470833,1.0,41.478333,24.884167,28.35375,28.48161021299302
12.508636,55.13875,3.4327273,2020.0,62.265835,6,0.87166667,1.0,25.120869,22.27875,15.324583,18.785447763679358
19.303333,71.35875,7.704583,2020.0,105.88583,6,0.72291666,1.0,12.912917,20.897083,20.654167,25.18642450765959
21.708334,62.247917,7.7908335,2020.0,110.67667,8,0.79083335,1.0,18.02625,23.699167,35.875,29.65795215674769
15.913043,58.88,8.5091305,2020.0,160.32875,8,0.768125,1.0,21.340834,23.132084,23.291666,28.39428202679958
15.333333,59.962917,7.4927273,2020.0,146.49292,8,0.7484583,1.0,22.8575,21.965,22.791666,28.139864602115356
13.583333,51.144585,0.0088210525,2020.0,93.98542,10,0.58416665,2.0,0.040625,18.827084,24.541666,25.6107262455025
11.791667,45.320835,0.00425,2020.0,70.27292,10,0.54791665,2.0,0.044041667,19.68625,21.0,16.521521531627187
18.875,27.708334,0.010405555,2020.0,90.85291,10,0.6675,2.0,0.042833332,20.463333,31.291666,38.98765403163125
24.75,54.008335,0.016458333,2020.0,175.03166,10,0.9116667,2.0,0.042458333,23.060417,49.5,41.35808161574772
8.272727,44.885418,0.0091791665,2020.0,102.15459,10,0.82458335,2.0,0.030208332,22.700417,19.2,27.020455715160736
9.043478,47.30875,0.009004166,2020.0,99.74208,10,0.815,2.0,0.034375,22.0975,24.25,25.5115277511045
7.5,49.28875,0.0072375,2020.0,65.18875,10,0.9,2.0,0.045416668,20.109167,24.375,15.5779633281292
11.0,52.6725,0.008625,2020.0,71.25375,11,0.9558333,2.0,0.043208335,17.129168,27.958334,25.117573953550515
10.708333,46.63,0.0134375,2020.0,88.4525,11,1.3691666,2.0,0.037270833,18.266666,28.833334,29.039494977238306
20.916666,41.206665,0.025616666,2020.0,210.99959,11,1.5870833,2.0,0.026908332,21.141666,59.0,55.74370536533535
6.0,55.320415,0.006829167,2020.0,68.04708,11,1.3366667,2.0,0.040920835,17.575,21.791666,17.685572569483405
6.478261,51.892918,0.0072791665,2020.0,64.64792,11,1.415,2.0,0.038854167,17.791666,21.541666,16.166127160829262
8.416667,56.827915,0.008429167,2020.0,72.98125,11,1.47125,2.0,0.033591665,18.529167,21.458334,24.31871303665313
17.291666,46.49542,0.0228625,2020.0,164.78833,11,2.12625,2.0,0.0306375,19.829166,51.0,42.63509580257555
27.666666,40.724167,0.021279167,2020.0,205.19542,11,1.74125,2.0,0.034945834,21.620832,60.833332,64.7817578052279
19.913044,49.208332,0.018275,2020.0,234.83333,12,1.724125,3.0,0.029795833,19.045834,40.875,43.300458555235785
19.545454,48.958332,0.018016666,2020.0,185.83333,12,1.74325,3.0,0.020443479,18.945833,44.041668,46.54085820739317
14.416667,49.791668,0.0170375,2020.0,233.29167,12,1.9514583,3.0,0.023404166,19.183332,35.541668,38.34604792998398
28.875,46.583332,0.025679167,2020.0,176.33333,12,2.255375,3.0,0.0303625,18.970833,70.166664,64.89449474727273
26.363636,36.333332,0.02415,2020.0,229.33333,12,2.31025,3.0,0.028983334,19.308332,63.875,64.43795295453693
22.625,38.416668,0.017541667,2020.0,177.75,12,2.2696667,3.0,0.038758334,17.4375,56.583332,55.600297534005676
22.25,25.0,0.0181625,2021.0,193.5,1,2.573,3.0,0.031775,15.504167,48.666668,61.331376018712845
31.875,25.5,0.020325,2021.0,189.16667,1,2.8034167,3.0,0.03652917,16.016666,63.833332,81.47562889590743
26.391304,34.958332,0.022066666,2021.0,210.41667,1,2.7417083,3.0,0.03342917,17.775,64.75,65.30150638593105
27.083334,40.125,0.020245833,2021.0,161.0,1,2.7099166,3.0,0.039775,16.9375,58.833332,62.083647029720275
19.291666,51.791668,0.0138208335,2021.0,146.375,1,2.2979584,3.0,0.0394625,17.329166,43.041668,41.69676742415482
20.708334,53.041668,0.010783333,2021.0,87.166664,1,2.4209583,3.0,0.0406625,19.929167,32.208332,49.40171183442655
15.75,49.041668,0.008170833,2021.0,72.291664,2,2.9015,3.0,0.0600625,22.008333,91.375,44.32463054353439
23.208334,25.166666,0.037042856,2021.0,218.95833,2,2.50075,3.0,0.022845455,38.97,62.708332,74.67739706273247
11.375,25.291666,0.0193125,2021.0,220.625,2,0.628625,3.0,0.024195833,32.8,38.333332,51.62068284326953
25.652174,32.791668,0.022363637,2021.0,164.66667,2,0.57620835,3.0,0.039204348,35.2,44.583332,40.92950942244721
24.75,41.125,0.014005263,2021.0,131.66667,2,0.72025,3.0,0.042191666,19.658333,44.833332,46.34513037385187
17.958334,34.333332,0.0211375,2021.0,248.70833,2,0.5577083,3.0,0.034833334,22.891666,48.041668,39.147433467389234
17.625,41.961666,0.010364706,2021.0,135.58917,3,0.544375,0.0,0.040308334,20.785833,47.083332,43.92453711616435
21.25,27.101667,0.016704546,2021.0,138.22958,3,0.4545294,0.0,0.0270375,23.02125,46.958332,57.95809963663088
21.318182,27.056667,0.012895834,2021.0,256.46292,3,0.45191303,0.0,0.035630435,23.699167,49.541668,50.15292973898327
24.318182,29.791666,0.012920833,2021.0,249.72041,3,0.49969566,0.0,0.031758334,23.529583,47.208332,53.6837492948181
14.083333,24.453333,0.016095834,2021.0,244.78375,3,0.49770832,0.0,0.02625,22.973333,55.0,49.64252042242091
22.875,15.764584,0.0242625,2021.0,235.09584,3,0.650625,0.0,0.031683333,23.48375,52.375,51.63562222793886
24.041666,27.0325,0.013925,2021.0,144.69792,3,0.39004168,0.0,0.0466875,25.534584,59.166668,55.3598750122027
18.5,48.368332,0.0033125,2021.0,71.622086,4,0.23808333,0.0,0.0375875,20.968334,40.541668,35.65430036943921
23.333334,21.7975,0.020741666,2021.0,213.58875,4,0.59816664,0.0,0.039066665,25.196667,52.083332,52.44489124140317
25.958334,20.150417,0.013808333,2021.0,236.1925,4,0.55216664,0.0,0.045591306,25.265417,45.416668,48.218539020831976
28.0,25.472918,0.013391667,2021.0,246.15416,4,0.5276667,0.0,0.041904166,25.825417,52.583332,51.611732626678396
47.916668,19.61625,0.016341666,2021.0,237.91333,4,0.7245833,0.0,0.035816666,24.7725,73.375,65.13074909001296
15.75,47.652084,0.011104348,2021.0,171.32458,5,0.38729167,0.0,0.044233333,23.37625,21.75,33.39804656480645
13.826087,69.83,0.023426088,2021.0,181.31792,6,0.6123762,1.0,0.029245833,21.196363,22.791666,23.235061318400348
17.545454,74.51375,0.018772727,2021.0,163.54834,6,0.58450663,1.0,0.023854166,19.63625,20.875,25.158798308189038
13.666667,67.965416,0.017075,2021.0,121.395836,6,0.52995497,1.0,0.0175125,19.826666,18.208334,23.654005102156937
14.458333,72.12542,0.016563637,2021.0,151.36084,6,0.5233538,1.0,0.024791667,21.23125,17.086956,24.29606221478533
12.041667,67.98875,0.014026087,2021.0,121.11625,7,0.49493334,1.0,0.016054166,21.153334,19.285715,20.60920037266346
18.958334,64.255,0.01674,2021.0,100.16167,7,0.5771667,1.0,0.024158332,22.048334,29.291666,31.591567127227044
16.363636,58.325417,0.013294444,2021.0,120.16708,7,0.59079564,1.0,0.0311,22.282084,26.5,28.518173001025005
16.833334,60.8775,0.020722726,2021.0,184.4325,7,0.5304792,1.0,0.029970834,23.294167,33.291668,24.370388225212796
14.541667,52.474167,0.0407875,2021.0,103.98458,7,0.45564583,1.0,0.0369875,22.898333,22.130434,28.28688207446652
17.375,59.736668,0.044320833,2021.0,153.48291,7,0.5725167,1.0,0.024741666,22.755,29.0,28.86033834511712
19.0,67.47708,0.057191666,2021.0,146.84459,8,0.54569167,1.0,0.0,21.605,29.875,25.538681049717926
18.608696,64.86042,0.049466666,2021.0,170.02083,8,0.5213792,1.0,0.029682608,21.12875,22.0,25.56982018968738
17.416666,64.29375,0.051675,2021.0,151.9275,8,0.5782167,1.0,0.023343477,21.952917,23.958334,27.279230826885286
18.666666,62.950417,0.01415,2021.0,163.8725,8,0.5058625,1.0,0.0395125,23.475834,22.625,25.303908563575376
10.125,68.17125,0.0092733335,2021.0,135.665,8,0.47934166,1.0,0.029429168,20.861666,11.1,19.405312256603946
15.375,53.762085,0.005188889,2021.0,71.22125,8,0.61755836,1.0,0.036920834,22.262917,22.041666,24.84165645505
14.333333,55.624584,0.00384,2021.0,65.55583,8,0.536375,1.0,0.035841666,22.5025,25.375,19.564099770387987
12.0,56.177917,0.0044764704,2021.0,70.73917,8,0.6553375,1.0,0.031008333,22.70625,19.583334,20.221775735158296
18.25,79.11958,0.0172,2021.0,189.26042,9,0.62390417,2.0,0.0233625,19.619583,23.041666,23.423808340692265
13.791667,73.41708,0.009347826,2021.0,149.39874,9,0.5073208,2.0,0.028783333,19.89375,19.166666,20.45985000521049
14.916667,56.507915,0.0085,2021.0,76.160835,9,0.6002,2.0,0.045154165,20.9525,23.458334,27.971114441135583
13.208333,69.2475,0.009310527,2021.0,115.58125,9,0.39115,2.0,0.023816667,20.583334,18.541666,23.671831141038368
20.0,62.417084,0.013640909,2021.0,107.659164,9,0.41860834,2.0,0.024716666,21.264584,31.5,29.481572354570087
16.166666,70.60833,0.016445454,2021.0,218.42792,10,0.6516125,2.0,0.036429167,20.920834,20.416666,22.18335530356418
13.75,54.9225,0.0068473686,2021.0,71.607086,10,0.5279625,2.0,0.036675,21.167917,18.833334,22.24279284733648
11.0,59.385418,0.007089474,2021.0,74.28917,10,0.60244167,2.0,0.034129165,20.085833,15.833333,19.93846624667581
17.833334,61.572918,0.015645834,2021.0,141.77374,10,0.5983833,2.0,0.020829167,20.754168,26.666666,27.98922527027245
19.541666,71.17667,0.030936364,2021.0,101.85333,10,0.6138125,2.0,0.011295455,18.61375,25.875,27.914658206328873
24.375,52.416668,0.018052174,2021.0,103.519585,10,0.4367875,2.0,0.029625,21.134167,37.25,39.062275102001394
18.541666,45.382915,0.013204546,2021.0,84.785,11,0.50589585,2.0,0.027033333,19.881666,30.0,35.970510804037424
24.291666,46.362915,0.02255,2021.0,166.48209,11,0.8606708,2.0,0.029575,18.332916,48.625,47.31286947541327
28.416666,43.367085,0.024413636,2021.0,111.79667,11,0.58725834,2.0,0.036291666,18.363333,54.875,51.76083332524074
13.75,54.0225,0.006957143,2021.0,70.44833,11,0.468725,2.0,0.032579165,19.126667,21.25,21.182453504266316
32.0,35.664585,0.033333335,2021.0,208.28334,12,0.93876666,3.0,0.023204166,18.39125,67.833336,71.72222975653658
26.416666,75.59458,0.022808334,2021.0,163.64,12,0.73400414,3.0,0.00955,15.748333,28.166666,32.58374900912972
36.75,40.758335,0.03520417,2021.0,169.27417,12,1.408075,3.0,0.022295455,16.235,63.916668,83.52308933562747
47.083332,33.87125,0.040185716,2021.0,164.36626,12,1.5797625,3.0,0.03008261,17.5925,81.458336,99.2072668440058
32.708332,40.359585,0.026557144,2022.0,211.69583,1,0.97170836,3.0,0.01904348,19.709167,50.5,57.20694910577542
18.125,36.682083,0.013445834,2022.0,256.80542,1,0.5782,3.0,0.020225,18.83875,34.583332,28.554561248695066
21.791666,39.320415,0.014425,2022.0,246.44792,2,0.6245833,3.0,0.023154167,19.045416,32.041668,38.14000744377236
21.625,50.908333,0.009852632,2022.0,120.395836,2,0.805,3.0,0.03562917,15.90375,25.958334,34.26515174035244
26.869566,34.343334,0.020783333,2022.0,175.23167,2,0.7420833,3.0,0.0284125,20.605,46.833332,44.15723376702239
30.291666,37.91,0.015675,2022.0,150.3125,2,0.56458336,3.0,0.0478875,22.5325,41.666668,53.69608042981039
21.958334,34.12373,0.014875,2022.0,136.56573,3,0.5925,0.0,0.028958334,20.6195,33.083332,49.6626803239271
15.913043,34.02568,0.013333334,2022.0,250.69928,3,0.59782606,0.0,0.02875,21.615923,27.875,44.51432100963622
15.875,26.362974,0.012666667,2022.0,218.83534,3,0.5425,0.0,0.03225,20.180239,31.625,45.14386487560335
18.869566,41.27197,0.00815,2022.0,166.8383,3,0.47,0.0,0.042375,17.7143,27.208334,42.20090835177474
19.375,36.022793,0.014375,2022.0,249.73433,3,0.68625,0.0,0.03179167,21.77641,32.0,47.7058642635403
25.291666,34.52646,0.01565,2022.0,152.84978,3,0.72125,0.0,0.029428571,22.160082,42.916668,56.675076841457766
31.333334,29.99231,0.0137083335,2022.0,217.62244,5,0.61541665,0.0,0.06470833,28.1441,44.541668,47.67664744386466
23.625,21.535385,0.00975,2022.0,92.4893,5,0.4025,0.0,0.046791665,26.214146,33.625,44.694454480686495
35.083332,27.936626,0.011375,2022.0,167.89748,5,0.52708334,0.0,0.05008333,25.743372,49.333332,53.88358083165613
24.086956,33.50028,0.011708333,2022.0,238.07463,5,0.5729167,0.0,0.046,25.777323,39.75,40.02517929763825
40.458332,44.168545,0.011208333,2022.0,141.04898,5,0.585,0.0,0.052666668,25.382427,51.083332,45.93370372476199
31.541666,38.558258,0.014208334,2022.0,192.8637,5,0.61333334,0.0,0.047041666,24.993246,40.791668,47.00413010956605
29.083334,29.05233,0.016916666,2022.0,223.4542,5,0.67125,0.0,0.042916667,26.096888,41.0,48.03105980521995
29.875,42.095573,0.006416667,2022.0,73.52169,5,0.48875,0.0,0.046083335,25.760466,35.833332,44.20014771513649
24.208334,38.038277,0.008916667,2022.0,124.328674,5,0.48416665,0.0,0.049541667,26.407372,30.583334,33.01680675175362
11.870833,56.02347,0.0049583334,2022.0,72.07507,6,0.66375,1.0,0.029333333,22.40448,48.9625,24.85591161664948
21.05,51.21222,0.0067083333,2022.0,92.52446,6,0.40916666,1.0,0.03075,22.225285,23.733334,43.083137672165044
24.045834,53.4636,0.006416667,2022.0,108.30739,6,0.49,1.0,0.033666667,22.270374,45.36087,34.85858708691787
13.529166,48.59439,0.006625,2022.0,92.83049,6,0.45208332,1.0,0.03125,23.953846,42.05909,30.46400663919707
15.508333,47.332985,0.0071666664,2022.0,112.96603,6,0.4625,1.0,0.039916668,24.410822,20.391666,26.03825663180102
16.52174,56.25972,0.011125,2022.0,200.26836,7,0.47583333,1.0,0.0475,23.601555,46.583332,26.272121968964022
18.5,55.4636,0.01675,2022.0,123.50422,7,0.49916667,1.0,0.029833334,23.501774,19.291666,25.704375099666677
18.217392,70.67984,0.018041667,2022.0,178.22522,7,0.46913043,1.0,0.030375,20.12358,23.333334,19.78313524877675
17.625,55.244644,0.015125,2022.0,111.62255,7,0.48583335,1.0,0.034666665,22.54164,18.875,26.269648034783675
13.958333,49.324585,0.016333334,2022.0,109.14875,8,0.36458334,1.0,0.037375,23.975416,23.5,30.515818109270278
12.375,48.030834,0.013958333,2022.0,85.17042,8,0.36541668,1.0,0.0355,23.951666,15.5,32.56209512455044
15.333333,65.32958,0.022166668,2022.0,216.37291,8,0.52916664,1.0,0.03,21.91625,17.916666,20.573237165613453
15.083333,73.145836,0.019833334,2022.0,211.58875,8,0.45826086,1.0,0.030875,20.637083,15.583333,16.532254456064802
17.086956,64.82333,0.020958334,2022.0,187.08833,8,0.47625,1.0,0.032958332,22.236666,19.583334,21.46890903395072
12.875,67.424164,0.015333333,2022.0,136.73375,8,0.38375,1.0,0.028875,22.435833,13.541667,17.6682695073496
8.291667,61.845417,0.010708333,2022.0,55.86625,9,0.31125,2.0,0.026666667,22.585833,8.833333,10.318933407550709
14.166667,76.93083,0.008291666,2022.0,190.33583,9,0.48708335,2.0,0.023416666,20.008333,12.291667,17.66128304610091
8.083333,55.98625,0.003625,2022.0,60.419167,9,0.54,2.0,0.029416667,21.494583,10.375,12.981099823036388
12.5,55.21625,0.0065652174,2022.0,69.31208,9,0.5054167,2.0,0.031958334,21.707916,15.375,19.32107346966487
11.208333,51.173332,0.0037826088,2022.0,48.299168,9,0.5079167,2.0,0.034958333,22.634583,12.958333,17.120695610926422
7.4166665,61.004166,0.0027916667,2022.0,62.677917,9,0.48416665,2.0,0.041625,19.545,9.166667,9.486292520744414
8.333333,53.59083,0.00325,2022.0,62.334583,9,0.6358333,2.0,0.045541666,18.602083,12.333333,15.85097313344848
25.333334,48.18833,0.019083334,2022.0,218.75,11,0.7079167,2.0,0.033333335,21.658333,40.166668,41.793216108535646
24.291666,41.37583,0.017875,2022.0,171.90869,11,0.7075,2.0,0.032625,21.621666,40.375,45.54031325411399
14.0,50.3775,0.011125,2022.0,126.36,11,0.6856522,2.0,0.029458333,20.126667,28.625,27.882082717620268
21.772728,40.435,0.02325,2022.0,247.18333,11,0.9221739,2.0,0.026375,20.81,48.708332,47.7102525022467
21.083334,49.095417,0.016666668,2022.0,246.45375,11,0.7654167,2.0,0.021,20.972918,37.625,36.84452267319914
24.958334,54.44875,0.01325,2022.0,130.19624,11,0.63375,2.0,0.034625,20.277082,39.041668,36.11384909248938
21.041666,54.99125,0.014708334,2022.0,135.45625,11,0.88625,2.0,0.038291667,19.970417,36.958332,35.24087975856869
20.0,58.610416,0.012416666,2022.0,166.36708,11,0.48791668,2.0,0.037041668,19.621666,30.916666,23.629837832560415
28.0,34.645,0.022625,2023.0,223.70667,1,1.1366667,3.0,0.021416666,17.82,45.333332,59.11735473853035
42.5,32.7825,0.024458334,2023.0,193.2075,1,0.9675,3.0,0.026291667,18.645416,63.5,73.24488536748967
33.291668,40.96125,0.018208334,2023.0,150.45708,1,0.705,3.0,0.033,20.899584,52.041668,50.152101056646735
29.681818,26.942083,0.022416666,2023.0,187.47417,2,0.9241667,3.0,0.030625,19.586666,60.625,64.03368281977659
24.958334,39.904167,0.015208334,2023.0,165.71791,2,0.735,3.0,0.03225,19.886667,39.291668,41.2325618001415
28.416666,42.68,0.0185,2023.0,242.78958,2,0.83458334,3.0,0.027291667,20.442083,49.375,47.77088658915812
17.454546,38.21,0.011666667,2023.0,254.41959,2,0.61173916,3.0,0.024208333,20.10875,29.625,33.22179322161114
18.875,34.884583,0.015291667,2023.0,215.76666,2,0.71416664,3.0,0.019708334,19.824583,30.625,35.68543445432801
23.09091,41.400833,0.013875,2023.0,227.38667,2,0.63916665,3.0,0.031375,21.2325,48.458332,38.91163206304071
23.291666,28.384583,0.016875,2023.0,218.07042,2,0.80083334,3.0,0.027,22.329584,40.958332,48.317220851081906
28.333334,27.260416,0.017166667,2023.0,0.68666667,3,0.70416665,0.0,0.032166667,23.1075,44.0,49.94329886804884
32.045456,25.01625,0.020916667,2023.0,0.9608333,3,0.65347826,0.0,0.036875,24.635,56.625,56.849133045038144
32.208332,28.08,0.021458333,2023.0,0.97291666,3,0.79041666,0.0,0.035708334,24.252916,54.125,59.37735533588216
25.333334,44.420418,0.009708334,2023.0,3.12,3,0.51666665,0.0,0.034125,20.537083,34.833332,34.23611461330657
26.625,33.161667,0.01675,2023.0,0.87166667,3,0.69708335,0.0,0.03729167,23.909584,42.625,41.93500789703006
28.166666,21.515417,0.012083333,2023.0,259.5196,5,0.6433333,0.0,0.035125,24.454584,41.25,42.777497583977905
42.875,19.069584,0.017083334,2023.0,223.36917,5,0.84625,0.0,0.04279167,25.567083,58.875,55.0256046521714
34.8,43.658333,0.009041667,2023.0,122.51083,5,0.50375,0.0,0.04191667,24.461666,67.77778,46.79265176888743
21.666666,42.791668,0.007791667,2023.0,138.33792,5,0.49041668,0.0,0.038833335,23.119583,29.2,40.11199841725774
29.75,41.453335,0.008708334,2023.0,186.60208,5,0.5775,0.0,0.045541666,25.09875,37.708332,38.34230099463528
21.166666,60.03125,0.00725,2023.0,191.185,5,0.41375,0.0,0.03708333,21.804583,17.333334,24.514540635440184
34.5,41.679165,0.010916667,2023.0,171.45209,5,0.52375,0.0,0.039916668,26.725834,39.541668,40.23908385840096
31.458334,43.584583,0.007,2023.0,121.28709,5,0.63208336,0.0,0.048583332,26.321667,34.875,36.380440513255955
22.916666,22.915417,0.011625,2023.0,255.845,6,0.55583334,1.0,0.0375,28.880833,34.166668,41.274165195578306
24.666666,43.647915,0.005708333,2023.0,124.167915,6,0.5825,1.0,0.048,26.21125,30.666666,30.383695395356696
16.958334,41.64,0.0042083333,2023.0,79.11,6,0.5704167,1.0,0.041375,25.745832,20.791666,32.159975327762396
15.565217,67.347916,0.0087916665,2023.0,152.4,6,0.5426087,1.0,0.020125,22.777082,30.0,27.040023956311504
15.826087,67.24913,0.008652174,2023.0,122.53696,7,0.4873913,1.0,0.021695653,22.49913,15.304348,29.479189610867206
22.25,64.75667,0.009875,2023.0,185.06375,7,0.49733335,1.0,0.035958335,23.051666,19.916666,28.282693641806222
20.458334,59.74917,0.009791667,2023.0,129.18,7,0.49358332,1.0,0.043125,23.866667,30.291666,31.291131753604727
23.0,60.29375,0.008666666,2023.0,126.81125,7,0.42625,1.0,0.030875,23.49625,21.0,28.496463746322533
19.416666,58.94625,0.008416667,2023.0,132.33583,7,0.54116666,1.0,0.028541667,23.750834,18.458334,29.62130747500791
20.208334,66.065,0.0075,2023.0,121.53208,7,0.30425,1.0,0.033458333,21.297916,39.666668,37.52417070194151
82.75272,54.823334,17.42625,2017.0,170.10542,1,0.78208333,3.0,20.622917,18.7275,165.605,121.28860641838054
47.387917,36.4775,24.43625,2017.0,196.47208,1,0.6458333,3.0,24.672083,21.084583,137.78084,128.57153449994775
36.312916,29.62125,22.435417,2017.0,213.10625,1,0.775,3.0,16.841667,20.987917,123.0575,114.5017613347868
16.254583,47.8875,7.480417,2017.0,130.54417,1,0.23041667,3.0,23.371666,15.482917,54.175415,60.39064346669413
38.878334,27.127916,24.350435,2017.0,168.0025,1,1.1916667,3.0,18.930416,17.264166,157.98875,129.77774512340545
18.834167,50.864582,11.835834,2017.0,174.6175,1,0.24333334,3.0,18.718334,18.242083,59.83643,56.78669331072256
26.956667,38.947083,18.639166,2017.0,205.29333,1,0.56958336,3.0,21.156088,18.112083,69.93091,81.36995024187578
14.904583,44.129166,11.64375,2017.0,248.7025,1,0.18583333,3.0,17.267916,16.29,62.329166,56.12305780794975
30.317083,30.56625,14.67625,2017.0,92.0475,2,0.27083334,3.0,23.129583,20.70125,123.11542,93.54871623884841
27.365652,30.81,16.139584,2017.0,127.325,2,0.69416666,3.0,20.529167,19.91625,81.050835,84.40914336741182
22.224583,36.495834,11.173913,2017.0,263.0496,2,0.21916667,3.0,31.162916,19.82875,70.31125,63.05260449807496
14.542916,32.06167,13.627916,2017.0,189.91792,2,0.22375,3.0,19.395454,18.592916,81.22833,61.18990640028729
10.00125,43.675,7.71,2017.0,259.1354,2,0.1725,3.0,19.2375,17.935833,40.684166,43.74262106136115
10.403334,48.66375,7.4925,2017.0,219.46333,2,0.26166666,3.0,18.821667,18.09,44.957916,42.983223168797586
8.72,43.255,10.185,2017.0,243.69208,2,0.21333334,3.0,23.025652,18.548334,41.7225,44.67324876042266
22.033333,25.104584,16.386667,2017.0,211.8375,2,0.37333333,3.0,21.803333,19.987083,90.69833,78.4728040986306
21.353333,31.04875,13.802083,2017.0,221.6,2,0.33083335,3.0,26.63913,21.283333,81.71792,71.06232811143161
24.390833,32.867916,15.992917,2017.0,243.95625,2,0.29333332,3.0,27.306818,21.364584,82.49625,69.35545639610362
29.061666,47.135834,5.69875,2017.0,72.753334,3,0.30708334,0.0,28.47,21.3275,111.480415,72.08253266609637
16.970417,51.41875,14.645416,2017.0,142.28375,3,0.225,0.0,27.13125,20.442083,47.05792,50.185402006521684
23.046,47.982082,12.76,2017.0,185.49875,3,0.17458333,0.0,32.628334,20.125834,45.55,53.68409723694802
16.81375,23.202917,11.284166,2017.0,262.90543,4,0.13375,0.0,28.9425,21.2225,51.059166,62.29735658035592
25.836666,33.400833,12.265833,2017.0,176.40375,4,0.20958333,0.0,32.825,21.8375,76.557915,70.2235051119253
23.199167,35.43625,12.27375,2017.0,182.81,4,0.12375,0.0,31.042917,19.312084,61.26375,58.562852351380585
17.948334,27.204166,16.265833,2017.0,139.15958,4,0.18541667,0.0,30.508333,20.441668,66.79041,64.9850784393398
19.582916,30.465416,1.8079166,2017.0,91.02458,4,0.11416667,0.0,37.7775,22.20625,58.757915,60.08001588498187
36.95348,17.343334,18.21625,2017.0,190.78416,5,0.23875,0.0,35.182083,24.156666,85.097084,89.09003520507831
64.9225,23.522083,18.664167,2017.0,252.06209,5,0.31833333,0.0,36.37417,26.3925,106.214165,99.88776957873912
11.987917,45.99375,7.55625,2017.0,73.98542,5,0.13761905,0.0,20.280834,22.985,38.360714,36.87892477294696
21.947618,40.169167,17.145416,2017.0,172.49374,6,0.23875,1.0,34.135834,24.44125,46.484585,56.4290882994286
25.733637,39.742916,11.41875,2017.0,158.25084,6,0.19375,1.0,39.62875,25.1875,50.649582,58.56128677060848
35.353333,44.1625,12.417916,2017.0,186.6625,6,0.24958333,1.0,43.424583,24.6975,67.822914,66.81455825003167
15.882857,21.246666,18.2125,2017.0,121.317085,6,0.3625,1.0,20.5325,24.028334,47.23375,62.16033895788736
10.695652,74.0875,11.334167,2017.0,184.51833,7,0.14791666,1.0,13.8133335,19.252083,29.765,20.252796827687572
10.350435,66.79542,12.3758335,2017.0,188.84,8,0.20291667,1.0,13.571667,19.599167,42.404583,31.340549173695685
9.229566,54.703335,10.720834,2017.0,114.85667,8,0.23375,1.0,10.487083,21.873333,49.889168,41.25284316231093
13.011364,47.634167,12.215,2017.0,92.16708,9,0.25291666,2.0,15.545,18.817083,64.16583,50.62928527308488
18.747826,59.072918,23.661667,2017.0,220.16833,9,0.39,2.0,21.852083,21.074583,81.55292,54.079641739741874
19.241817,53.38375,9.785417,2017.0,91.61739,11,0.285,2.0,12.605833,18.309584,54.602917,51.41210739761199
18.41174,54.139168,6.5308332,2017.0,83.17292,11,0.21166667,2.0,11.505,18.395,56.000416,48.04254625605591
33.89682,29.435833,23.717916,2017.0,155.31416,11,0.5804167,2.0,14.375417,18.511667,90.552086,89.5029668791249
30.09,49.638332,20.3825,2017.0,131.70792,12,0.61625,3.0,12.324782,15.115,69.16583,72.88589791076701
30.943182,51.935833,16.107916,2017.0,151.84708,12,0.36333334,3.0,14.6175,16.110834,63.975834,70.82051102918031
78.50792,39.160416,39.7275,2017.0,193.21584,12,1.14,3.0,16.55,14.89875,157.16792,143.17302572289887
51.79478,44.88125,35.603333,2018.0,172.29625,1,0.98333335,3.0,18.3325,17.212084,116.39792,118.52408765877307
24.152916,40.84667,15.615,2018.0,166.81708,1,0.27583334,3.0,14.973478,15.72125,64.00667,62.580017281803535
34.499546,30.248333,18.870832,2018.0,203.75375,1,0.54625,3.0,13.371333,15.387083,82.85083,90.59958905215413
20.541666,51.134167,7.5516667,2018.0,89.559166,1,0.26125,3.0,7.71625,15.251667,84.697914,50.278619840134695
13.626364,52.095417,5.9979167,2018.0,75.78042,1,0.1875,3.0,4.6125,16.534584,37.575,45.197293272078944
16.817272,45.33125,10.955417,2018.0,245.83458,2,0.16208333,3.0,7.8675,18.802084,38.28042,35.817380481865925
27.9055,38.2625,15.89,2018.0,215.07124,2,0.33625,3.0,7.964,18.5125,58.425835,67.58163926274648
19.980833,41.68875,11.585,2018.0,235.61458,2,0.17125,3.0,8.060434,20.41125,51.887085,39.087688886406355
28.122084,52.290833,9.5175,2018.0,154.53583,2,0.22625,3.0,8.548261,20.669167,58.079166,46.05989724426081
25.440416,38.774582,9.6075,2018.0,233.00417,3,0.21625,0.0,9.052917,20.880417,60.895,46.9290987025274
26.243,48.197918,9.250417,2018.0,104.30125,3,0.28541666,0.0,6.9616666,20.461666,28.9525,44.461200849056766
31.524166,36.610832,8.637083,2018.0,113.45875,4,0.2225,0.0,10.305715,21.029167,96.01292,60.45319185763961
21.77375,35.36375,7.8366666,2018.0,153.31708,4,0.20291667,0.0,13.229584,20.082083,58.39875,51.128893369762835
16.702917,29.382084,5.1270833,2018.0,242.56416,4,0.14916667,0.0,8.896667,23.2625,51.753334,42.13210220744964
23.709131,35.025833,4.6483335,2018.0,188.91208,4,0.10041667,0.0,11.167916,23.822083,49.814583,57.76969889447917
26.83174,39.902084,5.36875,2018.0,181.12459,5,0.15583333,0.0,10.4686365,21.33,69.1875,52.62860231410766
13.256111,63.355415,4.6183333,2018.0,94.40667,5,0.26625,0.0,5.6325,20.57,24.091667,24.961837925178223
12.710667,52.951668,3.7122223,2018.0,72.25166,5,0.046153847,0.0,5.6222224,19.085556,41.010555,21.530002753677145
20.703157,50.091667,8.327084,2018.0,178.06833,5,0.10958333,0.0,9.961875,18.39,44.87875,37.714936624074596
21.232609,47.129166,4.9483333,2018.0,175.66667,5,0.28416666,0.0,13.7725,23.05857,37.099583,41.49915711889612
27.31826,45.55875,4.4325,2018.0,256.91876,5,0.10541666,0.0,8.350833,22.995,43.795418,46.932798579606434
24.205454,46.944736,2.8321052,2018.0,200.0965,5,0.0675,0.0,12.99579,22.815,41.921577,46.12022033960347
28.735,56.587082,3.0425,2018.0,224.7875,5,0.19208333,0.0,11.83375,22.275417,43.747917,47.03960501299055
40.346523,38.994583,11.22625,2018.0,164.15,5,0.2575,0.0,24.722084,23.86125,72.16875,65.57820093746766
15.815714,36.549168,4.7741666,2018.0,81.06333,6,0.1525,1.0,21.256363,24.539167,37.409584,41.73497075063969
22.840416,31.901667,7.6404347,2018.0,88.36042,6,0.16833334,1.0,24.545,23.569166,56.430416,54.46347871190077
13.290909,64.885414,5.8829165,2018.0,171.70625,6,0.19291666,1.0,16.613333,22.085,22.045416,29.330144975007222
13.967895,80.74416,6.315,2018.0,106.450836,6,0.27375,1.0,17.231667,18.874584,22.824583,26.713302565122294
10.79,72.60458,3.7854166,2018.0,216.83958,6,0.12916666,1.0,12.82625,20.594584,18.140417,18.00943552675702
7.6644444,77.267914,5.8425,2018.0,209.31583,6,0.18916667,1.0,22.386522,18.882084,14.535,19.203159710199607
4.003077,80.434586,3.8091667,2018.0,200.76625,6,0.18958333,1.0,13.825417,18.300417,12.102858,14.345507339357809
6.7588887,75.545,6.8054166,2018.0,204.73541,6,0.21375,1.0,18.451666,19.110834,17.679167,16.44047026823436
10.141364,64.19875,9.60625,2018.0,150.78958,6,0.26625,1.0,14.670417,20.136667,32.077084,28.186813799928334
11.758,67.62375,6.7279167,2018.0,159.18167,6,0.15583333,1.0,18.026667,20.519167,23.759583,25.810131003450604
20.662354,69.59625,5.127917,2018.0,171.38042,6,0.2,1.0,23.721666,19.268333,29.822916,37.20744587853891
14.147391,54.642082,3.41,2018.0,86.25208,7,0.21833333,1.0,9.81625,20.470833,42.327618,39.532783933563465
14.7945,62.112915,2.48375,2018.0,125.95208,7,0.14666666,1.0,13.230416,19.713333,38.315,35.0503475255838
24.733334,56.8625,3.7570834,2018.0,129.98541,7,0.1825,1.0,19.767916,20.108334,75.24,52.50853946705064
21.5625,60.402084,4.7475,2018.0,148.9425,7,0.29333332,1.0,15.31375,20.854166,45.14125,36.31798307854857
12.987391,52.599167,6.7079167,2018.0,96.24375,8,0.20291667,1.0,12.042084,20.240417,47.314583,35.74198574954194
15.146,68.71291,10.485416,2018.0,238.935,8,0.15333334,1.0,14.394584,19.539167,24.206667,26.201672295112004
5.5255556,76.94,5.5354166,2018.0,185.91583,8,0.14208333,1.0,25.835417,17.954584,11.976666,11.59158146966633
10.021579,61.195835,7.5154166,2018.0,152.9775,8,0.16791667,1.0,21.485,20.394583,25.058332,29.17417022260699
13.2125,73.31917,6.0408335,2018.0,238.37416,9,0.13916667,2.0,25.387917,19.587917,18.29,21.297199447056467
13.9285,68.0925,6.037083,2018.0,166.77042,9,0.22916667,2.0,33.222916,19.653334,31.700417,33.43848813214291
11.605,75.195,10.0929165,2018.0,159.45792,9,0.295,2.0,17.847918,19.341667,26.63125,25.514495636829746
16.334167,60.724167,10.017083,2018.0,118.79792,10,0.26708335,2.0,24.56875,20.918333,46.304585,42.321608218976586
8.13,61.15708,5.2604165,2018.0,108.36625,10,0.25625,2.0,17.6675,18.96375,25.44,31.398790370039862
8.646522,62.477917,3.6945834,2018.0,78.16,10,0.18875,2.0,15.550417,17.8825,23.26625,38.88086986317232
22.482857,70.05583,6.7875,2018.0,233.44624,11,0.19625,2.0,15.203333,19.960417,28.206667,36.36582954840411
31.225,55.200417,17.66,2018.0,154.41376,11,0.425,2.0,22.888182,21.705,79.61137,70.6841195765594
18.494545,58.289585,8.252666,2018.0,144.03334,11,0.6364286,2.0,5.335238,13.565416,48.623333,38.68187208563089
31.710417,50.818333,16.027916,2018.0,131.58667,11,0.56875,2.0,22.098333,19.0625,78.78375,70.57672843462261
35.83917,49.428333,24.604166,2018.0,185.4275,11,0.6220833,2.0,25.68,19.70625,87.48125,86.91849987123882
21.41,67.795,15.189584,2018.0,148.54292,11,0.37291667,2.0,8.5825,17.169167,41.039585,45.70604667335376
17.27591,55.860416,13.0975,2018.0,234.2125,12,0.59541667,3.0,23.13875,17.265,54.46875,49.73539469827594
32.174583,57.42125,19.605833,2018.0,94.32542,12,0.5708333,3.0,22.496666,18.444166,76.99458,70.8686458016935
31.192917,37.865,22.965,2018.0,143.12416,12,0.65458333,3.0,22.943333,16.535833,89.528336,83.82607040002048
34.682274,52.320835,11.884583,2018.0,189.25792,12,0.4025,3.0,20.729048,16.564167,62.664165,72.49763368922368
28.75,58.987083,11.072083,2019.0,147.87791,1,0.29966667,3.0,21.367727,16.998333,49.333332,54.44991312539155
28.75,50.957085,15.511666,2019.0,223.48083,1,0.895625,3.0,22.59389,17.064167,59.458332,67.48601606388125
39.666668,44.52833,11.532917,2019.0,139.10167,1,0.34783334,3.0,31.536,20.363333,67.375,68.68568652546715
30.541666,41.404167,16.915,2019.0,201.35417,1,0.3485,3.0,27.384375,18.97125,61.791668,62.464487894742845
21.0,40.802917,10.07875,2019.0,219.75166,1,0.21233334,3.0,23.918236,18.772083,47.666668,44.91523136221451
18.692308,26.845333,14.869333,2019.0,175.246,1,0.3412,3.0,39.420715,20.650667,48.2,50.27151279417388
35.375,30.574167,19.604584,2019.0,165.62083,2,1.5926,3.0,26.164211,21.149166,93.708336,89.00701295727953
20.125,38.288334,12.539583,2019.0,234.23625,2,0.3489,3.0,32.5575,22.80125,47.666668,46.96806290302174
16.875,33.094166,9.365417,2019.0,232.83583,2,0.4956,3.0,24.346191,21.850416,45.708332,43.670993586469564
19.166666,38.859165,6.55875,2019.0,265.84708,2,0.14066666,3.0,18.103529,19.362083,37.5,44.09386243637035
18.666666,28.05875,16.545,2019.0,194.48833,2,0.36007142,3.0,25.291052,23.542084,49.0,53.475076085440165
18.0,34.65875,14.0725,2019.0,208.8825,3,0.295,0.0,23.681904,23.03625,42.041668,49.61164923528939
27.791666,34.297085,16.5475,2019.0,161.55,3,0.33961537,0.0,29.69,23.866667,65.708336,61.43082533055254
14.416667,44.100834,6.0720835,2019.0,146.73708,3,0.20288889,0.0,27.57,20.502083,40.75,40.96010139687304
24.541666,31.84875,12.50375,2019.0,247.9875,3,0.35022223,0.0,28.6375,24.37125,37.666668,51.06458303151014
16.166666,49.0675,5.315417,2019.0,159.16542,3,0.211375,0.0,22.911667,20.262083,35.041668,36.44505148062314
18.916666,43.603333,11.491667,2019.0,149.91708,3,0.29804167,0.0,14.24125,19.9725,38.625,41.394586551095806
22.541666,25.681667,12.97875,2019.0,112.291664,3,0.40225,0.0,29.354347,24.166666,64.875,55.81263872078822
19.125,28.429167,8.679584,2019.0,81.22375,3,0.39573914,0.0,18.11375,22.487083,66.708336,50.29245819478383
20.666666,40.25375,6.2782354,2019.0,84.76833,3,0.2798125,0.0,22.342632,20.24,54.208332,52.409385353549354
26.375,31.317917,11.982083,2019.0,232.32834,4,0.28029168,0.0,37.565834,22.585417,47.0,53.766587945618575
20.25,23.507917,11.862917,2019.0,237.54292,4,0.29108334,0.0,34.540417,22.38125,43.083332,50.04473031661638
24.333334,25.59125,9.692917,2019.0,173.275,4,0.38604167,0.0,38.952915,21.742916,65.208336,60.19110545075053
16.833334,22.684584,5.6329165,2019.0,246.7375,4,0.23758334,0.0,16.3925,25.12,31.666666,41.096236746056114
21.458334,31.209583,4.3458333,2019.0,75.5425,4,0.434875,0.0,24.09375,22.658333,65.333336,52.81929768851151
19.041666,27.115,9.550417,2019.0,138.83833,4,0.33516666,0.0,37.41,23.202084,38.625,48.58873126328192
29.041666,36.8175,8.379583,2019.0,178.715,4,0.26154166,0.0,39.637085,24.09375,36.916668,56.20748311989668
35.541668,28.374166,12.459583,2019.0,198.13834,4,0.334875,0.0,43.52773,27.39625,74.0,68.52180114688846
25.25,29.70875,7.889583,2019.0,172.37917,5,0.29633334,0.0,38.84875,26.469166,55.77778,49.917098506080215
32.125,21.866667,8.196667,2019.0,233.16125,5,0.34158334,0.0,41.147915,26.810833,64.125,52.12301812091634
26.125,23.933332,9.32125,2019.0,223.27126,5,0.35679168,0.0,32.24875,25.255833,56.833332,46.87817984777957
32.041668,18.604584,10.970417,2019.0,241.13875,5,0.36258334,0.0,36.819168,24.883333,59.5,50.088688970891006
56.25,24.772083,14.189167,2019.0,186.54375,5,0.44841668,0.0,32.409584,26.4575,73.833336,82.83020066365142
35.125,25.85625,5.4620833,2019.0,237.91083,5,0.21841666,0.0,46.582916,26.674583,65.875,59.56828138557654
30.375,47.29,3.155,2019.0,248.95708,5,0.20558333,0.0,34.22125,25.789583,49.869564,46.335696881016595
33.708332,47.1225,6.70875,2019.0,229.50041,5,0.25495833,0.0,34.899582,26.629583,54.125,51.122434124417985
30.458334,44.032917,3.7258334,2019.0,83.28709,5,0.5055417,0.0,27.82,26.22375,49.875,52.34193032381589
16.791666,46.145416,3.8879166,2019.0,83.1925,6,0.28545833,1.0,16.12375,25.355,34.1,33.88681919288678
21.083334,36.97625,7.9129167,2019.0,113.60167,6,0.6,1.0,36.834167,26.81625,29.0,36.91935125367415
13.333333,51.16,4.40125,2019.0,80.19666,6,0.331375,1.0,24.204584,23.742083,47.85,32.365637962558225
15.809524,47.539165,7.1295834,2019.0,143.03375,7,0.3295,1.0,40.645832,23.973333,34.666668,36.92630799898798
13.272727,55.666668,7.7808332,2019.0,122.72083,7,0.32704166,1.0,29.589582,23.633333,41.375,36.0181272852453
16.695652,77.39542,5.804167,2019.0,162.64125,7,0.30583334,1.0,26.907917,20.9275,28.421053,30.119474821433172
13.727273,61.017082,5.6725,2019.0,99.345,7,0.30504167,1.0,27.561666,22.3,33.75,32.86414935889958
13.75,68.692085,7.7875,2019.0,133.43791,7,0.35625,1.0,25.004763,21.047827,32.375,31.877779228325387
13.875,70.92792,7.1566668,2019.0,147.73708,7,0.26691666,1.0,24.871363,21.150833,30.0,30.05295512848452
14.73913,67.074585,8.040417,2019.0,144.53542,7,0.27120835,1.0,33.629547,21.052917,34.458332,33.82888884759339
13.375,49.655,8.762917,2019.0,157.15916,8,0.315625,1.0,28.1375,24.260416,58.041668,36.56575387136563
11.041667,67.5675,5.5408335,2019.0,148.87541,8,0.2585,1.0,31.860834,21.85375,30.25,25.58277671568412
12.041667,67.62875,6.284167,2019.0,155.59042,8,0.32495832,1.0,34.105,22.83375,23.166666,27.95202751040514
20.916666,62.502083,10.01,2019.0,221.94542,8,0.40658334,1.0,43.59,23.1325,38.625,36.37776139288843
15.375,64.20959,7.797917,2019.0,92.74875,8,0.4695,1.0,20.264584,23.170416,34.041668,31.640761765791645
9.625,75.58542,4.599583,2019.0,229.29459,8,0.195125,1.0,32.7625,21.095833,16.041666,19.98534679984542
8.956522,70.53,7.44125,2019.0,191.70833,8,0.28325,1.0,24.496666,22.640417,23.458334,23.700105439917966
18.166666,67.70917,8.0,2019.0,150.65459,8,0.36629167,1.0,27.47125,22.08875,33.166668,33.095978333011196
17.416666,64.355,5.0379167,2019.0,194.09166,9,0.30429167,2.0,40.72,22.68125,29.333334,30.909402716919132
10.166667,62.812916,5.277,2019.0,78.049164,9,0.41461906,2.0,21.283043,21.713333,26.125,24.043641509201944
15.625,55.34625,3.8325,2019.0,169.94292,9,0.28120834,2.0,33.272083,22.415833,36.086956,31.500969530649975
13.458333,60.22125,2.8645833,2019.0,107.545,10,0.391875,2.0,19.867083,22.094584,30.75,23.640965834085264
13.625,54.96958,5.153478,2019.0,107.68667,10,0.279,2.0,24.112917,22.515833,27.208334,32.30170161233999
6.25,72.620834,2.7641666,2019.0,169.96458,10,0.29445833,2.0,19.2825,21.4075,14.208333,12.282370683704706
11.708333,74.38875,4.9441667,2019.0,130.255,10,0.33458334,2.0,23.237917,19.66125,21.5,20.539510774684356
13.416667,50.672916,7.2483335,2019.0,103.41333,11,0.359,2.0,19.9225,20.670834,55.125,36.12978772402403
18.791666,60.196667,8.4695835,2019.0,211.67209,11,0.30829167,2.0,22.106667,20.637917,33.5,40.60077623195761
17.125,56.34125,6.84375,2019.0,233.79375,11,0.385,2.0,17.870417,21.675417,42.125,39.25207241942897
24.958334,53.49,6.3341665,2019.0,155.975,11,0.42279166,2.0,24.61375,21.566668,51.761906,48.995780399680925
25.916666,45.74125,10.611667,2019.0,158.15083,12,0.57970834,3.0,24.001667,18.226667,61.375,54.63557640920352
33.958332,37.99375,13.775416,2019.0,229.31,12,0.59870833,3.0,26.235834,17.983334,74.958336,79.87970442945746
19.583334,40.2375,11.66125,2019.0,235.17084,12,0.5134583,3.0,19.810833,18.223333,54.791668,51.39438874457956
17.75,47.499584,8.000417,2019.0,134.88126,12,0.5012083,3.0,23.298334,14.31375,46.125,43.945823755262225
18.541666,62.520416,8.320416,2019.0,148.34334,12,0.8681667,3.0,15.541739,15.525,40.541668,39.21113106348827
73.583336,46.1325,11.579166,2019.0,217.06209,12,0.87470835,3.0,18.23125,17.909584,101.791664,113.04535924417267
19.375,44.279583,9.472083,2019.0,201.8525,12,0.38908333,3.0,17.973913,19.642916,42.958332,47.42024911933712
82.88458,43.25083,10.2275,2020.0,173.25667,1,1.8429166,3.0,15.5125,20.102083,91.85231,115.40897542332854
15.175,45.975418,13.840834,2020.0,244.11667,1,1.45875,3.0,24.033333,16.477917,29.923044,32.0239401996089
13.13375,24.500416,14.255417,2020.0,104.30292,1,1.7316667,3.0,31.1125,14.628333,30.805,31.639291284533037
11.412084,53.58125,11.74875,2020.0,197.4025,1,1.4766667,3.0,14.9675,17.288334,20.22875,23.43836172608534
16.456522,32.610416,16.2375,2020.0,238.55624,1,1.5370834,3.0,23.201666,17.4025,42.602272,40.613755250819835
17.46409,30.457083,14.517917,2020.0,171.65334,1,1.4575,3.0,25.542917,17.91125,52.642727,42.23926739229163
16.66,44.330418,11.172916,2020.0,114.08625,2,1.5141667,3.0,21.39,17.005417,38.980835,36.666962956178054
15.005417,52.259583,9.579166,2020.0,147.8625,2,1.5595833,3.0,25.792917,17.31125,28.658333,32.03349024209169
5.462381,52.34875,4.3616667,2020.0,236.8525,2,1.5166667,3.0,20.454584,16.064167,14.1563635,22.405526667107623
15.262609,46.654583,17.340416,2020.0,200.03166,2,1.6183333,3.0,18.12,19.467916,32.374584,39.965628162836516
12.41,44.28875,15.714583,2020.0,238.7675,2,1.58125,3.0,17.477917,20.854166,33.487915,36.360604385979656
21.99625,29.87125,24.19625,2020.0,116.902084,2,1.7158333,3.0,27.120832,22.8925,81.65041,62.85642737398171
20.7225,44.53042,16.423334,2020.0,139.13208,3,1.6933334,0.0,33.023335,23.332083,58.044167,43.43169371911049
23.005833,22.229584,20.056667,2020.0,130.21042,3,1.7195834,0.0,34.50292,26.99625,53.231876,52.13734520880041
39.454166,38.74375,11.20125,2020.0,108.94542,3,1.69625,0.0,39.00375,25.802917,60.022083,57.65919598602089
14.475833,21.0625,11.125417,2020.0,221.89,4,1.515,0.0,29.446667,24.845833,50.0425,32.9148793614326
20.708334,23.143333,9.85125,2020.0,250.91376,4,1.49375,0.0,34.197918,25.448334,37.764168,37.30943953441893
25.3525,21.489584,7.30875,2020.0,225.13667,4,1.51875,0.0,32.860832,25.648333,56.304165,45.199825811722654
23.6025,24.632917,9.062083,2020.0,236.81792,4,1.71,0.0,44.966667,26.879168,44.931667,46.79023987391486
18.628334,30.309584,10.418333,2020.0,133.5175,5,1.9295833,0.0,45.474167,26.375,37.80792,37.26666018707878
23.879583,63.580833,10.758333,2020.0,148.98833,5,1.89375,0.0,40.683334,20.57625,28.07875,29.880679601714462
12.677083,41.71417,7.1804166,2020.0,78.52625,6,0.5129167,1.0,31.517084,25.047916,24.706667,30.330360442993722
12.62375,52.830833,9.715834,2020.0,125.69334,6,0.7529167,1.0,42.822918,23.59625,26.142916,26.097885304500473
18.630833,50.869583,8.02875,2020.0,66.54417,6,0.6958333,1.0,35.765,22.564583,26.67625,27.62056940630976
15.699583,37.229168,7.3745832,2020.0,74.34292,6,0.55291665,1.0,47.735,22.763334,36.802917,32.748248514127475
16.442083,44.3525,8.278334,2020.0,105.8375,6,0.465,1.0,37.640835,25.288334,29.286667,31.705094805806958
12.7225,53.393333,9.468333,2020.0,169.69917,6,0.5058333,1.0,49.68833,25.046667,23.463333,27.89400356553209
14.508333,70.458336,9.9325,2020.0,98.97833,6,0.51416665,1.0,24.794167,20.365417,18.95875,26.520477015933665
18.555834,74.465416,12.308333,2020.0,102.190834,6,0.58416665,1.0,17.810417,20.060833,25.185,26.243848397121177
23.172083,69.6225,8.187083,2020.0,243.91917,6,0.42041665,1.0,50.014584,21.995417,29.912083,28.78715338802799
28.913044,76.10696,11.544348,2020.0,151.20653,8,0.69313043,1.0,17.646818,20.722174,36.782608,41.88466059771359
11.25,70.472084,10.04,2020.0,150.1175,8,0.54554164,1.0,23.585417,20.46125,20.041666,24.669767118857337
10.541667,68.44125,9.72625,2020.0,139.91417,8,0.45116666,1.0,20.6725,20.472084,21.0,26.00840673827435
10.708333,67.14917,9.555,2020.0,142.47792,8,0.2535,1.0,29.31,20.527916,26.333334,29.089129083898158
14.25,78.098335,10.822917,2020.0,168.54292,8,0.3136875,1.0,28.743334,19.807083,24.380953,26.693655382656594
16.875,61.658333,0.009875,2020.0,81.487915,10,0.5459167,2.0,0.022458334,21.507084,30.875,29.329235246094846
7.2222223,43.755833,0.007583333,2020.0,93.40417,10,0.30520833,2.0,0.019666666,21.922916,29.958334,32.98249548896018
13.166667,47.650417,0.0076666665,2020.0,101.38792,10,0.29935,2.0,0.023125,21.27,35.833332,36.3422814668857
17.166666,40.0975,0.010875,2020.0,101.10042,10,0.4466875,2.0,0.02125,21.39875,40.166668,42.7903709972964
20.25,36.37417,0.0105,2020.0,120.440414,10,0.36566666,2.0,0.028083334,19.767084,50.791668,49.27129525636381
13.125,44.31375,0.0070916666,2020.0,74.115,11,0.531,2.0,0.024741666,16.533333,29.916666,34.833378242573914
17.125,44.58875,0.010820833,2020.0,96.2175,11,0.60675,2.0,0.024016667,17.566668,38.916668,42.04573142679471
34.5,41.375416,0.0198125,2020.0,182.395,11,0.60758334,2.0,0.02414091,21.333334,78.041664,76.20163486673589
39.75,38.583332,0.024854166,2020.0,155.5,11,0.7394583,2.0,0.019895833,21.629168,90.208336,85.02618576261375
33.458332,42.857918,0.0168375,2020.0,199.58292,11,0.53945833,2.0,0.025433334,21.341667,71.5,72.68973892350614
8.708333,56.643333,0.007575,2020.0,83.63458,11,0.36883333,2.0,0.018683333,17.475,28.958334,28.35147369692797
39.708332,35.335835,0.025016667,2020.0,191.36084,11,0.76933336,2.0,0.023695834,21.35,87.166664,87.62957218175589
20.0,49.166668,0.011916666,2020.0,245.0,12,0.38945833,3.0,0.019695833,19.191668,41.25,40.554215491439905
26.791666,45.166668,0.014066666,2020.0,194.83333,12,0.454125,3.0,0.019241666,19.008333,73.291664,52.16737805262798
23.583334,46.75,0.0115,2020.0,152.83333,12,0.34968182,3.0,0.024708332,19.475,53.041668,51.89462054347031
17.333334,48.666668,0.011575,2020.0,244.58333,12,0.4868889,3.0,0.017375,18.258333,42.041668,41.20454939806355
26.125,40.038334,0.008779166,2021.0,105.01292,3,0.46791667,0.0,0.041608334,21.330416,74.166664,56.029502453333414
12.428572,20.415714,0.010483333,2021.0,163.31285,3,0.63214284,0.0,0.0482,24.905714,40.857143,47.02338840139061
19.0,18.464167,0.0070708334,2021.0,220.80083,3,0.40804166,0.0,0.0323375,21.598333,63.25,51.339561125259564
28.291666,45.192917,0.0072333333,2021.0,115.73875,3,0.58966666,0.0,0.041516665,22.2775,67.541664,54.47300581246678
10.875,34.562916,0.0051958333,2021.0,111.558334,4,0.38470834,0.0,0.0422625,20.114584,24.0,27.286826011470367
20.238094,36.248333,0.005633333,2021.0,155.90625,4,0.41020834,0.0,0.045020834,21.005417,46.208332,46.5753176562446
26.25,21.184166,0.010604166,2021.0,229.22792,4,0.48741665,0.0,0.044445835,24.46375,58.166668,51.09373419915447
27.708334,20.089167,0.008608334,2021.0,231.33583,4,0.4535,0.0,0.046441667,24.602083,51.958332,51.96342356985118
25.416666,25.613333,0.0089208335,2021.0,224.3825,4,0.31108335,0.0,0.045775,25.515,58.875,56.83334960197084
33.958332,13.596666,0.010520834,2021.0,225.13625,4,0.48572728,0.0,0.0355125,22.907825,65.75,64.7221606560956
43.0,35.070415,0.007925,2021.0,220.86,4,0.905875,0.0,0.048016667,25.5575,60.875,62.83087835860942
32.541668,26.308332,0.0072208336,2021.0,259.7554,4,0.7978333,0.0,0.048425,25.620417,64.17391,56.64465896474485
29.125,29.950834,0.0065125,2021.0,224.52458,4,0.73933333,0.0,0.045070834,25.528334,52.208332,52.06488780680258
26.583334,51.04375,0.013325,2021.0,99.57958,5,0.850875,0.0,0.038173914,22.652916,51.25,45.71109931987192
22.833334,58.260418,0.016945833,2021.0,171.5625,5,0.822,0.0,0.040729165,21.800833,33.916668,30.901735850624217
23.916666,22.250416,0.017283333,2021.0,180.395,5,0.67,0.0,0.047845833,23.51375,50.75,51.996701683777125
17.916666,43.399166,0.010216666,2021.0,106.08625,5,0.560375,0.0,0.0437625,23.515417,30.0,37.59352853203803
24.208334,61.95875,0.0119875,2021.0,170.74583,6,0.22763938,1.0,0.0332625,21.8975,40.541668,38.16611154885063
13.291667,51.510418,0.011995833,2021.0,232.07791,6,0.18889055,1.0,0.0400875,23.28625,24.958334,31.748894523686054
10.541667,73.25667,0.008366667,2021.0,89.40583,6,0.1907585,1.0,0.0117833335,20.08,17.0,21.22467625293017
25.041666,67.08,0.008020833,2021.0,196.69083,7,0.33358422,1.0,0.041270833,21.6175,38.083332,38.59549972273165
13.583333,52.4575,0.007941667,2021.0,120.06958,7,0.34955832,1.0,0.037075,22.187916,32.458332,35.95089840923072
12.875,53.572918,0.0060666665,2021.0,73.637085,7,0.5209208,1.0,0.027008334,22.392084,35.375,27.256136109604526
12.625,71.55666,0.0076583335,2021.0,201.16167,8,0.6967625,1.0,0.035420835,20.561666,22.708334,20.74389496191395
9.041667,59.425,0.007025,2021.0,127.502914,8,0.7617458,1.0,0.029620834,22.58,30.541666,23.943948786378485
18.0,84.65833,0.013105882,2021.0,113.401665,8,1.2311375,1.0,0.009004348,18.21625,30.125,33.85580382094403
18.8,64.452,0.0133466665,2021.0,195.896,9,1.1524,2.0,0.039973333,22.187334,32.066666,32.41025913422688
9.458333,73.71083,0.015982352,2021.0,160.83542,9,1.2080333,2.0,0.033925,20.002916,18.25,17.296025165916106
8.083333,66.72375,0.0089041665,2021.0,77.12,10,1.2691625,2.0,0.016104167,20.973333,21.833334,24.837976518904295
10.166667,60.620834,0.0167625,2021.0,246.33667,10,1.4138334,2.0,0.0236125,21.7525,28.416666,26.690821689521474
17.625,55.844166,0.025105264,2021.0,148.1325,10,1.5461125,2.0,0.025329167,22.526667,44.291668,38.67271547783723
22.958334,57.902084,0.026495833,2021.0,154.33167,10,1.805825,2.0,0.024820833,20.870417,43.666668,45.15754007306308
19.625,70.22667,0.020175,2021.0,169.49916,10,1.7120458,2.0,0.019181818,19.72125,40.583332,32.168033279145135
13.75,52.764584,0.022929167,2021.0,108.590416,10,1.7467417,2.0,0.026516667,20.255417,39.708332,36.35442008816699
13.458333,44.38875,0.0200625,2021.0,85.93542,11,2.0018666,2.0,0.03542917,17.75125,38.333332,37.60820114743764
14.625,34.179165,0.0285,2021.0,161.62625,11,2.2155416,2.0,0.027191667,16.658333,45.083332,48.726567111725124
26.208334,38.923332,0.04411667,2021.0,156.46208,11,2.519475,2.0,0.0216125,17.097918,71.833336,66.95205567380475
12.333333,53.574165,0.014375,2021.0,75.925415,11,2.2656417,2.0,0.025458334,17.996666,39.666668,40.52508680246079
14.041667,55.88375,0.017208334,2021.0,176.1425,11,2.3325624,2.0,0.023525,18.16625,1.0,34.389792737412805
21.375,41.3825,0.023141667,2021.0,163.645,12,1.6552958,3.0,0.022220833,17.83125,47.833332,57.23036024534282
38.666668,45.81125,0.045354165,2021.0,172.57208,12,1.2857916,3.0,0.026504545,18.45,92.875,84.90926693348541
40.833332,31.75625,0.039670832,2021.0,163.81876,12,1.6805125,3.0,0.017683333,16.77125,107.791664,97.91860983849706
15.791667,47.95125,0.0264125,2021.0,92.347916,12,1.1633,3.0,0.019754166,18.175833,48.041668,51.124562501527556
25.083334,27.638334,0.028583333,2021.0,153.05208,12,1.6034459,3.0,0.015116666,18.821667,56.375,66.80117448386324
29.166666,50.347084,0.024541667,2021.0,228.27083,12,1.3334875,3.0,0.022391304,17.5175,58.208332,62.38902038937139
43.083332,45.788334,0.0383875,2021.0,175.50583,12,1.7295417,3.0,0.02027826,17.370417,86.958336,85.564359331509
40.041668,38.4625,0.03528917,2022.0,185.16542,1,1.73135,3.0,0.025843479,18.042084,78.875,76.40427668953511
18.333334,51.2875,0.018463334,2022.0,172.18916,1,1.5348417,3.0,0.028782608,16.55875,46.75,39.44147652888528
23.541666,42.084583,0.029610833,2022.0,182.99167,1,1.6205041,3.0,0.020618182,17.36125,51.958332,54.28338647258602
19.0,29.102516,0.024791667,2022.0,153.87027,3,0.6770833,0.0,0.030363636,20.65947,66.26087,54.30144318783777
26.041666,36.696503,0.018791666,2022.0,104.41324,3,0.85083336,0.0,0.026958333,18.19053,108.041664,66.6028649522184
35.772728,18.554834,0.018652175,2022.0,230.81757,3,0.96458334,0.0,0.034208335,20.48204,69.041664,74.49053685385653
24.875,25.050182,0.018733334,2022.0,119.831696,3,0.92041665,0.0,0.037583333,19.407547,75.5,67.18075946053276
18.291666,21.731918,0.019,2022.0,113.55429,3,0.98291665,0.0,0.040333334,19.715416,66.25,55.44402785994369
23.5,19.570335,0.022958333,2022.0,220.92882,4,1.235,0.0,0.030869566,22.764679,104.875,67.21728937409529
33.869564,44.860756,0.015333333,2022.0,124.69564,4,1.1366667,0.0,0.042375,19.851505,73.375,74.28861537861502
12.708333,71.25042,0.007813083,2022.0,145.33708,8,0.7083333,1.0,0.025291666,21.674166,25.666666,23.180676929560402
10.75,63.683334,0.0074,2022.0,75.333336,9,0.71958333,2.0,0.019791666,21.900417,39.041668,22.70651499386386
7.9166665,60.145832,0.005,2022.0,79.90833,9,0.67541665,2.0,0.020125,21.817917,33.708332,20.416867311159024
12.541667,58.05875,0.011666667,2022.0,127.472084,9,0.8258333,2.0,0.031666666,22.977917,34.833332,24.566272271306364
32.270416,33.33625,0.018833334,2023.0,215.33458,1,1.235,3.0,0.017541667,19.225,90.69375,67.95436515535725
23.540833,39.58875,0.01575,2023.0,251.18375,2,1.0779166,3.0,0.02225,18.762083,60.875,56.67088191535131
22.726667,25.8325,0.016,2023.0,94.63416,2,1.1433333,3.0,0.023083333,17.867916,69.666664,67.94977595796797
27.1825,45.319168,0.0145,2023.0,151.36792,2,1.1245834,3.0,0.032291666,19.202917,68.25,53.90936240580541
20.942917,36.064167,0.010875,2023.0,246.53125,2,1.05,3.0,0.024791667,19.390417,43.125,47.52600619046255
8.477,33.03125,0.0075454544,2023.0,233.92625,2,1.0170833,3.0,0.019041667,18.993334,24.4,42.56977646795698
21.755,26.925833,0.016041666,2023.0,222.12541,2,0.8745833,3.0,0.022333333,21.21875,65.25,50.37212692027054
26.0,20.535334,0.019633334,2023.0,210.48334,3,0.93666667,0.0,0.038733333,25.732666,66.46667,56.61064456901356
37.583332,26.725,0.017604167,2023.0,185.08083,3,0.90958333,0.0,0.033291668,23.565834,62.791668,79.640208973293
26.541666,31.705416,0.015004166,2023.0,193.08917,3,0.88625,0.0,0.034416668,23.06875,56.75,60.01548978232437
19.291666,41.664585,0.012629166,2023.0,127.379166,3,0.8854167,0.0,0.0295,19.472918,51.333332,50.7451530348784
15.5,43.362083,0.011225,2023.0,195.96542,3,0.87125,0.0,0.030208332,19.778334,32.125,41.71394457739589
12.833333,40.040417,0.0092,2023.0,159.38792,3,0.87125,0.0,0.032916665,17.02125,30.375,45.01968948238063
19.541666,22.338333,0.011445833,2023.0,249.18124,3,0.8979167,0.0,0.033958334,23.531666,38.583332,51.025346975275866
25.833334,30.305,0.015745834,2023.0,254.29916,3,0.93291664,0.0,0.03725,23.245832,48.666668,58.64902529763598
27.52174,20.92087,0.011521739,2023.0,249.32869,5,1.0473913,0.0,0.036304347,23.705652,61.826088,54.75329166477529
37.541668,18.2575,0.014041667,2023.0,204.4575,5,1.0979167,0.0,0.037708335,24.768333,67.458336,67.45111770364709
27.875,40.3975,0.011375,2023.0,127.61833,5,1.0570834,0.0,0.038666666,23.71625,72.5,57.78303185294578
28.083334,27.037083,0.009625,2023.0,255.11874,5,1.04,0.0,0.034166668,25.44,50.75,43.860620390159426
35.083332,24.59875,0.012916666,2023.0,232.29459,5,1.07,0.0,0.040791668,24.997084,61.666668,60.46621634963128
26.75,40.913334,0.009833333,2023.0,144.6975,5,1.06125,0.0,0.035666667,22.74,72.5,50.9880341701265
24.708334,40.15708,0.010458333,2023.0,139.98167,5,1.0533333,0.0,0.036333334,22.44625,35.791668,50.45406565040761
29.583334,54.495,0.009916667,2023.0,147.6275,5,1.06375,0.0,0.036541667,23.062916,36.458332,44.725353706296254
29.291666,27.879168,0.014958333,2023.0,225.73792,5,1.07,0.0,0.034833334,25.067917,49.166668,55.10921636706453
28.208334,39.639584,0.0094,2023.0,198.25125,6,0.39,1.0,0.051666666,26.072083,41.875,42.23986645954347
34.625,23.360834,0.01525,2023.0,235.74417,6,0.44958332,1.0,0.037,27.302917,46.0,54.42990010268875
39.041668,39.593334,0.012666667,2023.0,185.62625,6,0.43541667,1.0,0.036625,26.58,69.5,50.54961969896138
27.166666,29.685833,0.013416667,2023.0,147.16083,6,0.46791667,1.0,0.038083334,27.958334,61.958332,51.865676420292935
25.708334,23.305416,0.013375,2023.0,103.721664,6,0.42833334,1.0,0.038375,28.62625,75.916664,60.09093824929646
26.083334,27.846666,0.012,2023.0,88.47041,6,0.46291667,1.0,0.038666666,27.444166,77.61905,75.89138479663178
26.708334,45.66375,0.012583333,2023.0,116.68708,6,0.48958334,1.0,0.039458334,23.844584,86.375,46.87530431963105
23.708334,48.494167,0.01025,2023.0,97.49834,6,0.46875,1.0,0.028458333,24.363333,71.583336,46.08229433997817
16.208334,66.285,0.010833333,2023.0,184.2925,7,0.47545832,1.0,0.038208332,23.291666,32.958332,26.170190072834398
18.083334,47.882915,0.013125,2023.0,142.65584,7,0.48425,1.0,0.043541666,23.86625,49.25,40.464250758063926
17.458334,41.8625,0.010708333,2023.0,84.427086,7,0.54041666,1.0,0.032125,24.767084,57.583332,49.815369747104455
14.708333,57.856667,0.012375,2023.0,107.47542,7,0.5214583,1.0,0.03325,21.433332,63.333332,34.959431335173306
11.75,47.3775,0.011041666,2023.0,91.92333,8,0.50458336,1.0,0.028625,24.214167,29.833334,39.646008133867525
15.666667,46.62958,0.009916667,2023.0,85.888336,8,0.50166667,1.0,0.029916666,24.34375,38.75,44.645821352674616
12.541667,59.212082,0.0123333335,2023.0,220.34875,8,0.56916666,1.0,0.044166666,23.21875,34.083332,27.634790837794732
19.916666,54.713333,0.013777778,2023.0,203.7525,9,1.0025,2.0,0.049083333,25.158333,24.666666,35.756562826688004
16.083334,58.050415,0.012583333,2023.0,147.43417,9,0.7783333,2.0,0.039375,22.915,26.708334,32.975811725809535
15.916667,60.12,0.012875,2023.0,138.51917,9,0.77416664,2.0,0.039,23.36125,34.458332,31.939323163076782
16.083334,61.8075,0.011666667,2023.0,144.31375,9,0.72583336,2.0,0.037666667,22.75125,31.083334,32.75628882035051
14.166667,51.784584,0.012125,2023.0,87.61042,9,0.6670833,2.0,0.034291666,22.491667,45.5,39.43871895940611
14.272727,36.987915,0.016875,2023.0,139.57,9,0.585,2.0,0.037916668,23.274166,43.416668,41.65946855646125
14.791667,59.04375,0.013166667,2023.0,132.40625,9,0.54125,2.0,0.034875,22.57875,36.75,30.949530954658513
20.791666,40.351665,0.012541667,2023.0,157.49292,9,0.5516667,2.0,0.03825,24.15875,41.583332,43.85952167966988
17.208334,38.81333,0.012375,2023.0,100.74292,9,0.52875,2.0,0.0315,23.833334,47.291668,43.91227620196268
14.0,40.8975,0.012583333,2023.0,108.5525,9,0.5833333,2.0,0.035083335,23.007917,40.166668,44.10816406876722
17.173914,43.145218,0.010869565,2023.0,82.39261,10,0.5626087,2.0,0.035,23.978827,38.434784,46.06621647888774
17.0,78.718575,0.01,2023.0,202.97429,10,0.581,2.0,0.024904761,20.4175,23.285715,23.529267349797667
16.416666,58.159584,0.0039583333,2023.0,72.1825,10,0.5854167,2.0,0.033,20.51225,22.75,23.88133970743241
17.208334,53.18292,0.005375,2023.0,72.71125,10,0.64416665,2.0,0.03625,18.93979,31.75,26.44666215372157
19.416666,37.725,0.01,2023.0,128.10333,10,0.64,2.0,0.035916667,18.4115,34.541668,38.29222593925783
19.875,47.432083,0.007,2023.0,149.76375,10,0.65625,2.0,0.034708332,20.646,31.75,34.55169852445821
18.142857,63.880833,0.0045416667,2023.0,221.65167,10,0.645,2.0,0.022791667,21.6595,18.083334,19.552150155342115
20.391304,51.435417,0.0070833336,2023.0,231.93167,10,0.6458333,2.0,0.026166666,21.6545,29.458334,36.11636118187303
27.291666,73.54,0.011541666,2023.0,206.12334,10,0.7194118,2.0,0.017083334,18.852917,35.791668,33.762983025826315
29.083334,80.800415,0.009666666,2023.0,238.25458,10,0.74526316,2.0,0.021333333,19.262875,36.25,34.763802605650326
21.125,57.332085,0.008666666,2023.0,86.215836,10,0.70772725,2.0,0.025375,21.387209,29.0,40.155137119551114
20.708334,57.513332,0.005958333,2023.0,110.01833,10,0.70173913,2.0,0.035833333,19.584333,33.208332,28.531455109652413
16.333334,49.116665,0.0054583335,2023.0,79.16917,11,0.72583336,2.0,0.034833334,17.41625,24.625,29.761267806816534
29.458334,35.724583,0.014208334,2023.0,155.69292,11,1.0579166,2.0,0.032541666,21.805416,64.833336,65.06738260879287
28.333334,39.146667,0.01575,2023.0,148.30333,11,1.2625,2.0,0.028125,21.037083,68.791664,65.75235391478323
